시설물 구분,시설물명,소재지 주소,행정동,데이터기준일자
장애인용 승강기,(구립)서초한별어린이집,서울 서초구 양재동 249-12,양재2동,2025-09-18
장애인용 승강기,(사)한국문화스포츠진흥원,서울 서초구 양재동 309,양재2동,2025-09-18
장애인용 승강기,(주)CTK코스메틱스,서울 서초구 서초동 1485-6,서초3동,2025-09-18
장애인용 승강기,(주)hy,서울 서초구 잠원동 28-10,잠원동,2025-09-18
장애인용 승강기,(주)농협유통양재하나로클럽,서울 서초구 양재동 230,양재2동,2025-09-18
장애인용 승강기,(주)동원에프앤비,서울 서초구 양재동 275-7,양재2동,2025-09-18
장애인용 승강기,(주)래미안퍼스티지중심상가,서울 서초구 반포동 18-3,반포2동,2025-09-18
장애인용 승강기,(주)르본디앤씨,서울 서초구 반포동 19-1,반포4동,2025-09-18
장애인용 승강기,(주)신세계백화점강남점,서울 서초구 반포동 19-3,반포4동,2025-09-18
장애인용 승강기,(주)신세계센트럴시티,서울 서초구 반포동 19-3,반포4동,2025-09-18
장애인용 승강기,(주)양재하이브랜드,서울 서초구 양재동 215,양재2동,2025-09-18
장애인용 승강기,(주)오너클랜,서울 서초구 잠원동 22-11,잠원동,2025-09-18
장애인용 승강기,(주)호텔 티롤,서울 서초구 잠원동 18-5,잠원동,2025-09-18
장애인용 승강기,(주)화인스텍,서울 서초구 양재동 107-4,양재1동,2025-09-18
장애인용 승강기,109타워,서울 서초구 서초동 1591-5,서초3동,2025-09-18
장애인용 승강기,2NPARK,서울 서초구 서초동 1487-50,서초3동,2025-09-18
장애인용 승강기,33빌딩,서울 서초구 서초동 1551-4,서초3동,2025-09-18
장애인용 승강기,363강남타워,서울 서초구 서초동 1328-10,서초2동,2025-09-18
장애인용 승강기,511타워,서울 서초구 서초동 1338-11,서초2동,2025-09-18
장애인용 승강기,APROSQUARE,서울 서초구 서초동 1309-9,서초4동,2025-09-18
장애인용 승강기,BH빌딩,서울 서초구 방배동 902-5,방배1동,2025-09-18
장애인용 승강기,BLOCK77,서울 서초구 서초동 1307-22,서초4동,2025-09-18
장애인용 승강기,BNK디지털타워,서울 서초구 서초동 1321-11,서초2동,2025-09-18
장애인용 승강기,CJ방배사옥,서울 서초구 방배동 1026-28,방배3동,2025-09-18
장애인용 승강기,CJ키즈빌 어린이집,서울 서초구 방배동 2760,방배2동,2025-09-18
장애인용 승강기,DK밸리뷰시티,서울 서초구 서초동 1584-6,서초3동,2025-09-18
장애인용 승강기,DM타워,서울 서초구 방배동 924-11,방배1동,2025-09-18
장애인용 승강기,EWR빌딩,서울 서초구 서초동 1330-8,서초2동,2025-09-18
장애인용 승강기,GS서초자이,서울 서초구 방배동 3278,방배3동,2025-09-18
장애인용 승강기,HDC LABS,서울 서초구 서초동 1439-2,서초1동,2025-09-18
장애인용 승강기,IK빌딩,서울 서초구 방배동 915-13,방배1동,2025-09-18
장애인용 승강기,JC라디앙아파트,서울 서초구 서초동 1559-1,서초3동,2025-09-18
장애인용 승강기,JGYJ120,서울 서초구 방배동 981-16,방배3동,2025-09-18
장애인용 승강기,J빌딩,서울 서초구 잠원동 35-25,잠원동,2025-09-18
장애인용 승강기,KB골든라이프케어서초빌리지,서울 서초구 우면동 700,양재1동,2025-09-18
장애인용 승강기,KOTRA빌딩,서울 서초구 염곡동 300-9,내곡동,2025-09-18
장애인용 승강기,KT서초지사,서울 서초구 방배동 1001-1,서초3동,2025-09-18
장애인용 승강기,LAVA호텔,서울 서초구 서초동 1594-5,서초3동,2025-09-18
장애인용 승강기,LH서초3단지,서울 서초구 우면동 784,양재1동,2025-09-18
장애인용 승강기,LH서초4단지,서울 서초구 우면동 788,양재1동,2025-09-18
장애인용 승강기,M11빌딩,서울 서초구 서초동 1360-31,서초2동,2025-09-18
장애인용 승강기,MK빌딩,서울 서초구 양재동 264-3,양재2동,2025-09-18
장애인용 승강기,PSA서초어학학원,서울 서초구 서초동 1343-14,서초2동,2025-09-18
장애인용 승강기,R타워,서울 서초구 서초동 1589-15,서초3동,2025-09-18
장애인용 승강기,SDC학원,서울 서초구 방배동 823-1,방배4동,2025-09-18
장애인용 승강기,SPC1945,서울 서초구 양재동 11-149,양재1동,2025-09-18
장애인용 승강기,SR타워오피스텔,서울 서초구 서초동 1542-13,서초3동,2025-09-18
장애인용 승강기,SSI,서울 서초구 서초동 1500-1,서초3동,2025-09-18
장애인용 승강기,TS프리우스,서울 서초구 방배동 846-1,방배4동,2025-09-18
장애인용 승강기,TS프리우스APT,서울 서초구 반포동 71-3,반포4동,2025-09-18
장애인용 승강기,The Asset,서울 서초구 서초동 1321-20,서초2동,2025-09-18
장애인용 승강기,YM스페이스,서울 서초구 서초동 1665-27,서초1동,2025-09-18
장애인용 승강기,aT센터,서울 서초구 양재동 232,양재2동,2025-09-18
장애인용 승강기,bnf타워,서울 서초구 잠원동 8-28,잠원동,2025-09-18
장애인용 승강기,가람빌딩,서울 서초구 양재동 2-14,양재1동,2025-09-18
장애인용 승강기,가송빌딩,서울 서초구 반포동 95-3,반포4동,2025-09-18
장애인용 승강기,가톨릭 성의교정 옴니버스파크,서울 서초구 반포동 505,반포4동,2025-09-18
장애인용 승강기,강남메인타워,서울 서초구 서초동 1357-66,서초2동,2025-09-18
장애인용 승강기,강남미래타워,서울 서초구 서초동 1337,서초2동,2025-09-18
장애인용 승강기,강남삼부르네상스시티,서울 서초구 서초동 1339-4,서초2동,2025-09-18
장애인용 승강기,강남아르누보씨티2,서울 서초구 서초동 1330-4,서초2동,2025-09-18
장애인용 승강기,강남애니타워,서울 서초구 서초동 1330-20,서초2동,2025-09-18
장애인용 승강기,강남역 인앤인,서울 서초구 서초동 1330-12,서초2동,2025-09-18
장애인용 승강기,강남역I-PARK2차,서울 서초구 서초동 1309-2,서초4동,2025-09-18
장애인용 승강기,강남역대준빌딩,서울 서초구 서초동 1318-4,서초4동,2025-09-18
장애인용 승강기,강남역리가스퀘어,서울 서초구 서초동 1308-26,서초4동,2025-09-18
장애인용 승강기,강남오피스텔,서울 서초구 서초동 1308-25,서초4동,2025-09-18
장애인용 승강기,강남지웰타워,서울 서초구 서초동 1327-13,서초2동,2025-09-18
장애인용 승강기,강남지웰타워2,서울 서초구 서초동 1306-4,서초4동,2025-09-18
장애인용 승강기,강남태영데시앙루브,서울 서초구 서초동 1303-35,서초4동,2025-09-18
장애인용 승강기,강남터미널지하상가,서울 서초구 반포동 19-4,반포4동,2025-09-18
장애인용 승강기,강남한화오벨리스크,서울 서초구 서초동 1327-27,서초2동,2025-09-18
장애인용 승강기,강남효성해링턴타워,서울 서초구 서초동 1337-6,서초2동,2025-09-18
장애인용 승강기,강임하이빌오피스텔,서울 서초구 방배동 476-1,방배3동,2025-09-18
장애인용 승강기,개념원리빌딩,서울 서초구 서초동 1537-1,서초3동,2025-09-18
장애인용 승강기,갤럭시타워,서울 서초구 서초동 1330-10,서초2동,2025-09-18
장애인용 승강기,건영빌딩,서울 서초구 양재동 15-7,양재1동,2025-09-18
장애인용 승강기,경복궁서초점(주)엔타스시스템,서울 서초구 반포동 44-5,반포4동,2025-09-18
장애인용 승강기,경원중학교,서울 서초구 잠원동 66-1,반포3동,2025-09-18
장애인용 승강기,고도일병원,서울 서초구 반포동 736-9,반포1동,2025-09-18
장애인용 승강기,공간11차,서울 서초구 양재동 4-5,양재1동,2025-09-18
장애인용 승강기,공간4차,서울 서초구 양재동 19-8,양재1동,2025-09-18
장애인용 승강기,공간5차,서울 서초구 양재동 19-18,양재1동,2025-09-18
장애인용 승강기,광영빌딩,서울 서초구 양재동 16-6,양재1동,2025-09-18
장애인용 승강기,광정아파트,서울 서초구 양재동 7-17,양재1동,2025-09-18
장애인용 승강기,교대벤처타워,서울 서초구 서초동 1627-1,서초1동,2025-09-18
장애인용 승강기,구립반포1동어린이집,서울 서초구 반포동 20-48,반포1동,2025-09-18
장애인용 승강기,구립서초1동하은어린이집,서울 서초구 서초동 1668-15,서초1동,2025-09-18
장애인용 승강기,구립서초노인요양센터,서울 서초구 서초동 380-4,서초1동,2025-09-18
장애인용 승강기,구립서초유스센터,서울 서초구 서초동 1535-6,서초3동,2025-09-18
장애인용 승강기,구보빌딩,서울 서초구 양재동 84-5,양재1동,2025-09-18
장애인용 승강기,구산타워,서울 서초구 방배동 3250,방배2동,2025-09-18
장애인용 승강기,국립국악원,서울 서초구 서초동 산 150-124,서초3동,2025-09-18
장애인용 승강기,국립외교원,서울 서초구 서초동 1376-2,서초2동,2025-09-18
장애인용 승강기,국립중앙도서관,서울 서초구 반포동 산 60-1,반포4동,2025-09-18
장애인용 승강기,국립중앙도서관(디지털도서관),서울 서초구 반포동 산 57-1,반포4동,2025-09-18
장애인용 승강기,국제전자빌딩,서울 서초구 서초동 1445-3,서초1동,2025-09-18
장애인용 승강기,국제전자센터,서울 서초구 서초동 1445-3,서초1동,2025-09-18
장애인용 승강기,국제제자훈련원,서울 서초구 서초동 1443-26,서초1동,2025-09-18
장애인용 승강기,궁전빌딩,서울 서초구 방배동 828-9,방배4동,2025-09-18
장애인용 승강기,그라티아빌딩,서울 서초구 반포동 746-1,반포1동,2025-09-18
장애인용 승강기,그랑시엘3차,서울 서초구 방배동 1-19,방배본동,2025-09-18
장애인용 승강기,그린빌오피스텔,서울 서초구 서초동 1601-2,서초3동,2025-09-18
장애인용 승강기,그린타운 6차,서울 서초구 반포동 743-6,반포1동,2025-09-18
장애인용 승강기,근정빌딩,서울 서초구 서초동 1575-12,서초3동,2025-09-18
장애인용 승강기,금석빌딩,서울 서초구 서초동 1552-4,서초3동,2025-09-18
장애인용 승강기,금정노블아파트,서울 서초구 반포동 81-8,반포4동,2025-09-18
장애인용 승강기,기쁜소식강남교회(IYF),서울 서초구 양재동 183,양재1동,2025-09-18
장애인용 승강기,기쁨병원,서울 서초구 서초동 1426-1,서초1동,2025-09-18
장애인용 승강기,길명오퍼스,서울 서초구 양재동 9-38,양재1동,2025-09-18
장애인용 승강기,김희경장학재단,서울 서초구 양재동 206-9,양재2동,2025-09-18
장애인용 승강기,깊생빌딩,서울 서초구 반포동 50-7,반포4동,2025-09-18
장애인용 승강기,까리따스방배종합사회복지관,서울 서초구 방배동 3274,방배2동,2025-09-18
장애인용 승강기,까사노블,서울 서초구 방배동 593-10,방배3동,2025-09-18
장애인용 승강기,끄레메빌,서울 서초구 서초동 1630-4,서초1동,2025-09-18
장애인용 승강기,나루나,서울 서초구 잠원동 9-8,잠원동,2025-09-18
장애인용 승강기,나비호텔,서울 서초구 서초동 1676-2,서초1동,2025-09-18
장애인용 승강기,나스빌2,서울 서초구 방배동 804-3,방배4동,2025-09-18
장애인용 승강기,나스빌3차,서울 서초구 방배동 806-13,방배4동,2025-09-18
장애인용 승강기,나우동인건축,서울 서초구 양재동 210-7,양재2동,2025-09-18
장애인용 승강기,나우리빌딩,서울 서초구 서초동 1696-7,서초4동,2025-09-18
장애인용 승강기,남부터미널오피스텔(서초해링턴타워),서울 서초구 서초동 1445-1,서초1동,2025-09-18
장애인용 승강기,남서울교회 비전센터 ,서울 서초구 반포동 1-4,반포2동,2025-09-18
장애인용 승강기,남서울농업협동조합,서울 서초구 양재동 5-10,양재1동,2025-09-18
장애인용 승강기,남서울농협우면동지점,서울 서초구 우면동 760,양재1동,2025-09-18
장애인용 승강기,남서울농협하나로마트,서울 서초구 양재동 5-10,양재1동,2025-09-18
장애인용 승강기,남서울빌딩,서울 서초구 서초동 1304-3,서초4동,2025-09-18
장애인용 승강기,남승빌딩,서울 서초구 서초동 1589-2,서초3동,2025-09-18
장애인용 승강기,내곡SH플라자,서울 서초구 내곡동 391,내곡동,2025-09-18
장애인용 승강기,내곡느티나무쉼터,서울 서초구 염곡동 180-2,내곡동,2025-09-18
장애인용 승강기,내곡동복지센터,서울 서초구 염곡동 180-2,내곡동,2025-09-18
장애인용 승강기,내곡드림시티1차,서울 서초구 신원동 205-1,내곡동,2025-09-18
장애인용 승강기,내곡드림시티2차,서울 서초구 신원동 271-23,내곡동,2025-09-18
장애인용 승강기,내곡열린문화센터,서울 서초구 신원동 340-3,내곡동,2025-09-18
장애인용 승강기,내곡중학교,서울 서초구 신원동 294,내곡동,2025-09-18
장애인용 승강기,내곡프라자,서울 서초구 내곡동 391,내곡동,2025-09-18
장애인용 승강기,네스코뮤즈빌(A동),서울 서초구 방배동 971-8,방배2동,2025-09-18
장애인용 승강기,네스코뮤즈빌(B동),서울 서초구 방배동 971-7,방배2동,2025-09-18
장애인용 승강기,네스코아파트,서울 서초구 방배동 956-8,방배2동,2025-09-18
장애인용 승강기,네이처프라자,서울 서초구 우면동 725,양재1동,2025-09-18
장애인용 승강기,네이처힐3단지,서울 서초구 우면동 717,양재1동,2025-09-18
장애인용 승강기,네이처힐가든,서울 서초구 우면동 701,양재1동,2025-09-18
장애인용 승강기,노바월드,서울 서초구 반포동 703-3,반포1동,2025-09-18
장애인용 승강기,노블하우스3차,서울 서초구 방배동 803-8,방배4동,2025-09-18
장애인용 승강기,노블하임2,서울 서초구 양재동 278-1,양재2동,2025-09-18
장애인용 승강기,노블힐스아파트,서울 서초구 방배동 593-45,방배3동,2025-09-18
장애인용 승강기,노빌레빌,서울 서초구 서초동 1557-8,서초3동,2025-09-18
장애인용 승강기,농협은행양재센터,서울 서초구 양재동 214,양재2동,2025-09-18
장애인용 승강기,누드죤,서울 서초구 서초동 1317-11,서초4동,2025-09-18
장애인용 승강기,누리빌아파트,서울 서초구 양재동 385-11,양재2동,2025-09-18
장애인용 승강기,뉴스카이빌딩,서울 서초구 양재동 124,양재1동,2025-09-18
장애인용 승강기,늘푸른교회,서울 서초구 잠원동 61-3,잠원동,2025-09-18
장애인용 승강기,다니엘복지원,서울 서초구 내곡동 1-1328,내곡동,2025-09-18
장애인용 승강기,다니엘학교,서울 서초구 내곡동 1-1328,내곡동,2025-09-18
장애인용 승강기,다솔멤버스,서울 서초구 서초동 1507-61,서초3동,2025-09-18
장애인용 승강기,다애교회,서울 서초구 신원동 561,내곡동,2025-09-18
장애인용 승강기,다우월드아파트,서울 서초구 서초동 1357-44,서초2동,2025-09-18
장애인용 승강기,다움샤인힐7차,서울 서초구 방배동 800-5,방배4동,2025-09-18
장애인용 승강기,다원아이빌딩,서울 서초구 서초동 1606-8,서초1동,2025-09-18
장애인용 승강기,다원하이빌,서울 서초구 방배동 322-2,방배1동,2025-09-18
장애인용 승강기,다이너스티힐,서울 서초구 방배동 1-11,방배본동,2025-09-18
장애인용 승강기,단성빌딩,서울 서초구 양재동 2-11,양재1동,2025-09-18
장애인용 승강기,대건 딜라이트,서울 서초구 방배동 593-19,방배3동,2025-09-18
장애인용 승강기,대검찰청,서울 서초구 서초동 1730-1,서초3동,2025-09-18
장애인용 승강기,대경벨로체아파트,서울 서초구 서초동 1484-7,서초3동,2025-09-18
장애인용 승강기,대관빌딩,서울 서초구 양재동 15-1,양재1동,2025-09-18
장애인용 승강기,대덕빌딩,서울 서초구 서초동 1702-7,서초3동,2025-09-18
장애인용 승강기,대륭서초타워,서울 서초구 서초동 1337-20,서초2동,2025-09-18
장애인용 승강기,대림서초3차아파트(e편한세상),서울 서초구 서초동 1467-37,서초3동,2025-09-18
장애인용 승강기,대림아르빌,서울 서초구 양재동 371-8,양재2동,2025-09-18
장애인용 승강기,대림아크로리버파크,서울 서초구 반포동 2-12,반포2동,2025-09-18
장애인용 승강기,대백세인트빌,서울 서초구 반포동 87-5,반포4동,2025-09-18
장애인용 승강기,대법원,서울 서초구 서초동 967,서초3동,2025-09-18
장애인용 승강기,대상파크빌,서울 서초구 서초동 1484-8,서초3동,2025-09-18
장애인용 승강기,대우디오빌프라임,서울 서초구 서초동 1337-22,서초2동,2025-09-18
장애인용 승강기,대한건축사협회,서울 서초구 서초동 1603-55,서초1동,2025-09-18
장애인용 승강기,대한미용사회,서울 서초구 방배동 925-5,방배1동,2025-09-18
장애인용 승강기,대한약사회관,서울 서초구 서초동 1489-3,서초3동,2025-09-18
장애인용 승강기,대한예수교 장로회 방주교회,서울 서초구 방배동 425-2,방배2동,2025-09-18
장애인용 승강기,대한예수교장로회총회,서울 서초구 방배동 490-3,방배3동,2025-09-18
장애인용 승강기,대호IR빌딩,서울 서초구 서초동 1540-1,서초3동,2025-09-18
장애인용 승강기,대호프레조빌,서울 서초구 서초동 1604-19,서초1동,2025-09-18
장애인용 승강기,대화제약,서울 서초구 방배동 479-12,방배3동,2025-09-18
장애인용 승강기,더 헤렌,서울 서초구 방배동 812-1,방배4동,2025-09-18
장애인용 승강기,더그린서초,서울 서초구 서초동 1481-4,서초3동,2025-09-18
장애인용 승강기,더나빌딩,서울 서초구 서초동 1360-38,서초2동,2025-09-18
장애인용 승강기,더마프로연구소,서울 서초구 방배동 868-21,방배4동,2025-09-18
장애인용 승강기,더미켈란아파트,서울 서초구 서초동 1494-4,서초3동,2025-09-18
장애인용 승강기,더붐2,서울 서초구 양재동 266-6,양재2동,2025-09-18
장애인용 승강기,더샵오데움,서울 서초구 서초동 1483-18,서초3동,2025-09-18
장애인용 승강기,더샵오데움105동,서울 서초구 서초동 1476-18,서초3동,2025-09-18
장애인용 승강기,더아크리움,서울 서초구 서초동 1497-20,서초3동,2025-09-18
장애인용 승강기,더존퍼스트빌,서울 서초구 방배동 977-14,방배2동,2025-09-18
장애인용 승강기,더지니고2차,서울 서초구 방배동 437-22,방배2동,2025-09-18
장애인용 승강기,더클래식(서초동),서울 서초구 서초동 1475-10,서초3동,2025-09-18
장애인용 승강기,더파크908,서울 서초구 방배동 908-28,방배1동,2025-09-18
장애인용 승강기,더핑거그룹 주식회사,서울 서초구 원지동 416-2,양재2동,2025-09-18
장애인용 승강기,더하우스비,서울 서초구 방배동 913-30,방배1동,2025-09-18
장애인용 승강기,더화이트베일,서울 서초구 서초동 1445-14,서초1동,2025-09-18
장애인용 승강기,덕동반포빌라트,서울 서초구 반포동 79-1,반포4동,2025-09-18
장애인용 승강기,덜위치칼리지서울,서울 서초구 반포동 5-1,반포2동,2025-09-18
장애인용 승강기,데뜨아르,서울 서초구 잠원동 67-1,반포3동,2025-09-18
장애인용 승강기,데코아트빌10차,서울 서초구 서초동 1487-60,서초3동,2025-09-18
장애인용 승강기,데코아트빌7차,서울 서초구 방배동 916-27,방배1동,2025-09-18
장애인용 승강기,데코아트빌8차,서울 서초구 방배동 828-5,방배4동,2025-09-18
장애인용 승강기,데코아트빌9차,서울 서초구 방배동 822-22,방배4동,2025-09-18
장애인용 승강기,도곡이스타빌,서울 서초구 양재동 3-14,양재1동,2025-09-18
장애인용 승강기,도구머리 어린이집,서울 서초구 방배동 산 75-3,방배2동,2025-09-18
장애인용 승강기,도루코기술연구소,서울 서초구 서초동 1354-2,서초2동,2025-09-18
장애인용 승강기,도충빌딩,서울 서초구 반포동 723-1,반포1동,2025-09-18
장애인용 승강기,돈일빌딩,서울 서초구 서초동 1444-21,서초1동,2025-09-18
장애인용 승강기,동건그랑드힐,서울 서초구 반포동 83-11,반포4동,2025-09-18
장애인용 승강기,동광로49길74빌딩,서울 서초구 서초동 1498-5,서초3동,2025-09-18
장애인용 승강기,동부에이스,서울 서초구 방배동 465-15,방배2동,2025-09-18
장애인용 승강기,동산마을공영주차장,서울 서초구 양재동 370-5,양재2동,2025-09-18
장애인용 승강기,동성라벨뷰,서울 서초구 반포동 98-7,반포4동,2025-09-18
장애인용 승강기,동심빌딩,서울 서초구 서초동 1362-16,서초2동,2025-09-18
장애인용 승강기,동아아파트,서울 서초구 잠원동 157,반포3동,2025-09-18
장애인용 승강기,동아타운,서울 서초구 방배동 920-25,방배1동,2025-09-18
장애인용 승강기,동오빌딩,서울 서초구 서초동 1337-4,서초2동,2025-09-18
장애인용 승강기,동원그린아파트,서울 서초구 양재동 362-6,양재2동,2025-09-18
장애인용 승강기,동익성봉빌딩,서울 서초구 서초동 1692-1,서초4동,2025-09-18
장애인용 승강기,동주빌딩,서울 서초구 양재동 287-4,양재2동,2025-09-18
장애인용 승강기,동지빌딩,서울 서초구 방배동 919-2,방배1동,2025-09-18
장애인용 승강기,동칠보빌딩,서울 서초구 잠원동 25-22,잠원동,2025-09-18
장애인용 승강기,두성빌딩,서울 서초구 양재동 250-2,양재2동,2025-09-18
장애인용 승강기,드림원빌,서울 서초구 방배동 824-1,방배4동,2025-09-18
장애인용 승강기,디아레나,서울 서초구 서초동 1588-5,서초3동,2025-09-18
장애인용 승강기,디엠타워 2관,서울 서초구 방배동 924-21,방배1동,2025-09-18
장애인용 승강기,디엠타워 3관,서울 서초구 방배동 924-11,방배1동,2025-09-18
장애인용 승강기,디오빌강남관리단,서울 서초구 서초동 1309-1,서초4동,2025-09-18
장애인용 승강기,디오슈페리움I,서울 서초구 방배동 3001-2,방배4동,2025-09-18
장애인용 승강기,디와이즈빌딩,서울 서초구 방배동 901-10,방배1동,2025-09-18
장애인용 승강기,띠에라하우스,서울 서초구 잠원동 49-37,잠원동,2025-09-18
장애인용 승강기,라디안루키오피스텔,서울 서초구 서초동 1600-7,서초3동,2025-09-18
장애인용 승강기,라온54,서울 서초구 방배동 2736-8,방배2동,2025-09-18
장애인용 승강기,라현하우스,서울 서초구 염곡동 224-10,내곡동,2025-09-18
장애인용 승강기,래미안 신반포역 상가,서울 서초구 반포동 18-4,반포2동,2025-09-18
장애인용 승강기,래미안리더스원,서울 서초구 서초동 1755,서초2동,2025-09-18
장애인용 승강기,래미안리더스원 상가,서울 서초구 서초동 1755-1,서초2동,2025-09-18
장애인용 승강기,래미안리더스원 어린이집,서울 서초구 서초동 1755,서초2동,2025-09-18
장애인용 승강기,래미안방배아트힐,서울 서초구 방배동 1008-2,방배3동,2025-09-18
장애인용 승강기,래미안서초4차아파트,서울 서초구 서초동 1473-2,서초3동,2025-09-18
장애인용 승강기,래미안서초6차아파트,서울 서초구 서초동 1520-9,서초3동,2025-09-18
장애인용 승강기,래미안서초7차아파트,서울 서초구 서초동 1642-34,서초1동,2025-09-18
장애인용 승강기,래미안서초스위트,서울 서초구 서초동 1301-6,서초4동,2025-09-18
장애인용 승강기,래미안서초에스티지,서울 서초구 서초동 1332-13,서초2동,2025-09-18
장애인용 승강기,래미안서초에스티지S,서울 서초구 서초동 1754,서초2동,2025-09-18
장애인용 승강기,래미안서초유니빌,서울 서초구 서초동 1445-4,서초1동,2025-09-18
장애인용 승강기,래미안신반포리오센트,서울 서초구 잠원동 161,잠원동,2025-09-18
장애인용 승강기,래미안신반포팰리스,서울 서초구 잠원동 158,잠원동,2025-09-18
장애인용 승강기,래미안퍼스티지,서울 서초구 반포동 18-1,반포2동,2025-09-18
장애인용 승강기,런던빌 양재,서울 서초구 양재동 402-2,양재2동,2025-09-18
장애인용 승강기,레디인빌딩,서울 서초구 방배동 792-4,방배본동,2025-09-18
장애인용 승강기,레미안서초5차아파트,서울 서초구 서초동 1522-1,서초3동,2025-09-18
장애인용 승강기,로고스빌딩,서울 서초구 방배동 902-2,방배1동,2025-09-18
장애인용 승강기,로얄파크아파트,서울 서초구 서초동 1527-13,서초3동,2025-09-18
장애인용 승강기,로이어즈타워,서울 서초구 서초동 1573-10,서초3동,2025-09-18
장애인용 승강기,로이움지젤,서울 서초구 서초동 1591-8,서초3동,2025-09-18
장애인용 승강기,로제빌,서울 서초구 방배동 920-2,방배1동,2025-09-18
장애인용 승강기,로펌애비뉴빌딩,서울 서초구 서초동 1695-5,서초4동,2025-09-18
장애인용 승강기,로펌타워,서울 서초구 서초동 1699-7,서초4동,2025-09-18
장애인용 승강기,롯데마트서초점,서울 서초구 서초동 1498-5,서초3동,2025-09-18
장애인용 승강기,롯데서초주택전시관,서울 서초구 서초동 1322,서초2동,2025-09-18
장애인용 승강기,롯데캐슬갤럭시1차아파트,서울 서초구 잠원동 50,잠원동,2025-09-18
장애인용 승강기,롯데캐슬갤럭시2차,서울 서초구 잠원동 50-1,잠원동,2025-09-18
장애인용 승강기,롯데캐슬리버티,서울 서초구 서초동 1620-20,서초1동,2025-09-18
장애인용 승강기,롯데캐슬스파(아파트),서울 서초구 서초동 1647-1,서초1동,2025-09-18
장애인용 승강기,롯데캐슬오스카,서울 서초구 방배동 1-21,방배본동,2025-09-18
장애인용 승강기,롯데캐슬주피터,서울 서초구 서초동 1359-50,서초2동,2025-09-18
장애인용 승강기,롯데캐슬클래식아파트,서울 서초구 서초동 1312-3,서초4동,2025-09-18
장애인용 승강기,루미에르신사,서울 서초구 잠원동 13-5,잠원동,2025-09-18
장애인용 승강기,르가든5차,서울 서초구 방배동 798-11,방배4동,2025-09-18
장애인용 승강기,르가든6차,서울 서초구 방배동 798-10,방배4동,2025-09-18
장애인용 승강기,르마크 반포,서울 서초구 반포동 577-75,반포4동,2025-09-18
장애인용 승강기,르피에드인강남,서울 서초구 서초동 1321-7,서초2동,2025-09-18
장애인용 승강기,리안하우스,서울 서초구 반포동 590-5,반포4동,2025-09-18
장애인용 승강기,리젠타워,서울 서초구 서초동 1303-31,서초4동,2025-09-18
장애인용 승강기,리체프라자,서울 서초구 반포동 30-25,반포1동,2025-09-18
장애인용 승강기,리첸빌,서울 서초구 양재동 366-5,양재2동,2025-09-18
장애인용 승강기,리치스아파트,서울 서초구 양재동 391-12,양재2동,2025-09-18
장애인용 승강기,릿157,서울 서초구 서초동 1331-2,서초2동,2025-09-18
장애인용 승강기,마더스성형외과,서울 서초구 방배동 1970,방배4동,2025-09-18
장애인용 승강기,마로니에아파트,서울 서초구 양재동 352-7,양재2동,2025-09-18
장애인용 승강기,마샹스2차,서울 서초구 서초동 1487-144,서초3동,2025-09-18
장애인용 승강기,마샹스아파트,서울 서초구 서초동 1466-3,서초3동,2025-09-18
장애인용 승강기,마이플레이스 양재,서울 서초구 양재동 385-8,양재2동,2025-09-18
장애인용 승강기,마제스타시티타워1,서울 서초구 서초동 1498-5,서초3동,2025-09-18
장애인용 승강기,마제스타시티타워2,서울 서초구 서초동 1498-5,서초3동,2025-09-18
장애인용 승강기,매크로매트릭스빌딩,서울 서초구 방배동 769-4,방배본동,2025-09-18
장애인용 승강기,매헌기념관,서울 서초구 양재동 236,양재2동,2025-09-18
장애인용 승강기,매헌초등학교,서울 서초구 양재동 311-1,양재2동,2025-09-18
장애인용 승강기,멀버리힐스,서울 서초구 잠원동 27-2,잠원동,2025-09-18
장애인용 승강기,메라크,서울 서초구 방배동 12-31,방배본동,2025-09-18
장애인용 승강기,메이플라워아파트,서울 서초구 잠원동 65-1,잠원동,2025-09-18
장애인용 승강기,멤버스뷰오피스텔,서울 서초구 방배동 477-1,방배3동,2025-09-18
장애인용 승강기,명광빌딩,서울 서초구 서초동 1702-10,서초3동,2025-09-18
장애인용 승강기,명달포레스트,서울 서초구 서초동 1507-20,서초3동,2025-09-18
장애인용 승강기,명성팰리스,서울 서초구 방배동 916-32,방배1동,2025-09-18
장애인용 승강기,모차르트빌딩,서울 서초구 서초동 1515-3,서초3동,2025-09-18
장애인용 승강기,목양침례교회,서울 서초구 내곡동 366,내곡동,2025-09-18
장애인용 승강기,미래소프트빌딩,서울 서초구 서초동 1428-3,서초1동,2025-09-18
장애인용 승강기,미영아파트101동,서울 서초구 양재동 6-29,양재1동,2025-09-18
장애인용 승강기,미영아파트102동,서울 서초구 양재동 6-29,양재1동,2025-09-18
장애인용 승강기,미주파스텔,서울 서초구 잠원동 54,잠원동,2025-09-18
장애인용 승강기,민예빌딩,서울 서초구 염곡동 216-1,내곡동,2025-09-18
장애인용 승강기,바우뫼복지문화회관,서울 서초구 우면동 68-1,양재1동,2025-09-18
장애인용 승강기,반도빌딩,서울 서초구 반포동 48-1,반포4동,2025-09-18
장애인용 승강기,반포 르엘 2차 아파트,서울 서초구 잠원동 164,반포3동,2025-09-18
장애인용 승강기,반포1동성당,서울 서초구 반포동 742-22,반포1동,2025-09-18
장애인용 승강기,반포1동주민센터,서울 서초구 반포동 20-48,반포1동,2025-09-18
장애인용 승강기,반포2차아펠바움,서울 서초구 반포동 612-2,반포4동,2025-09-18
장애인용 승강기,반포4동주민센터,서울 서초구 반포동 74-7,반포4동,2025-09-18
장애인용 승강기,반포SKVIEW,서울 서초구 반포동 112-15,반포4동,2025-09-18
장애인용 승강기,반포고등학교,서울 서초구 반포동 30-19,반포1동,2025-09-18
장애인용 승강기,반포골프백화점,서울 서초구 반포동 107-3,반포4동,2025-09-18
장애인용 승강기,반포대우멤버스카운티,서울 서초구 반포동 111-11,반포4동,2025-09-18
장애인용 승강기,반포동 551-11,서울 서초구 반포동 551-11,반포4동,2025-09-18
장애인용 승강기,반포동 735-23,서울 서초구 반포동 735-23,반포1동,2025-09-18
장애인용 승강기,반포동 오벨리스크,서울 서초구 반포동 550-4,반포4동,2025-09-18
장애인용 승강기,반포동720-15,서울 서초구 반포동 720-15,반포1동,2025-09-18
장애인용 승강기,반포동SK아펠바움,서울 서초구 방배동 1-15,방배본동,2025-09-18
장애인용 승강기,반포래디앙 시그니처,서울 서초구 방배동 751-4,방배본동,2025-09-18
장애인용 승강기,반포래미안아이파크,서울 서초구 반포동 1341,반포1동,2025-09-18
장애인용 승강기,반포르엘,서울 서초구 잠원동 163,반포3동,2025-09-18
장애인용 승강기,반포리더스빌,서울 서초구 반포동 85-1,반포4동,2025-09-18
장애인용 승강기,반포리체아파트,서울 서초구 반포동 30-26,반포1동,2025-09-18
장애인용 승강기,반포메딕스빌딩,서울 서초구 반포동 32-1,반포1동,2025-09-18
장애인용 승강기,반포반곡빌딩,서울 서초구 반포동 53-4,반포4동,2025-09-18
장애인용 승강기,반포브리앙뜨,서울 서초구 반포동 101-10,반포4동,2025-09-18
장애인용 승강기,반포빌딩,서울 서초구 반포동 724-11,반포1동,2025-09-18
장애인용 승강기,반포상지리츠빌2차,서울 서초구 반포동 99-3,반포4동,2025-09-18
장애인용 승강기,반포서래빌,서울 서초구 반포동 87-7,반포4동,2025-09-18
장애인용 승강기,반포세무서,서울 서초구 방배동 874-4,방배4동,2025-09-18
장애인용 승강기,반포센트럴자이,서울 서초구 잠원동 162,반포3동,2025-09-18
장애인용 승강기,반포센트럴푸르지오써밋,서울 서초구 반포동 1342,반포1동,2025-09-18
장애인용 승강기,반포센트레빌아스테리움,서울 서초구 반포동 1344,반포1동,2025-09-18
장애인용 승강기,반포스테이 리버뷰,서울 서초구 방배동 750-10,방배본동,2025-09-18
장애인용 승강기,반포쌍동빌딩(서관),서울 서초구 반포동 54-1,반포4동,2025-09-18
장애인용 승강기,반포아르테,서울 서초구 방배동 738,방배본동,2025-09-18
장애인용 승강기,반포윌턴빌,서울 서초구 반포동 103-1,반포4동,2025-09-18
장애인용 승강기,반포자이,서울 서초구 반포동 20-43,반포1동,2025-09-18
장애인용 승강기,반포자이프라자,서울 서초구 반포동 20-45,반포1동,2025-09-18
장애인용 승강기,반포청호빌딩,서울 서초구 반포동 748-1,반포1동,2025-09-18
장애인용 승강기,반포펠리스아파트,서울 서초구 잠원동 158,잠원동,2025-09-18
장애인용 승강기,반포푸르지오아파트,서울 서초구 반포동 10,반포2동,2025-09-18
장애인용 승강기,반포프라자,서울 서초구 반포동 1313,반포본동,2025-09-18
장애인용 승강기,반포프레스턴클래식,서울 서초구 반포동 612-49,반포4동,2025-09-18
장애인용 승강기,반포현대빌라트(C동),서울 서초구 반포동 77-1,반포4동,2025-09-18
장애인용 승강기,반포효성빌딩,서울 서초구 반포동 63-7,반포4동,2025-09-18
장애인용 승강기,반포훼미리104동,서울 서초구 반포동 702-1,반포1동,2025-09-18
장애인용 승강기,반포훼밀리아파트(101동),서울 서초구 반포동 713-1,반포1동,2025-09-18
장애인용 승강기,반포훼밀리아파트102동,서울 서초구 반포동 713-1,반포1동,2025-09-18
장애인용 승강기,반포힐스테이트,서울 서초구 반포동 16-6,반포2동,2025-09-18
장애인용 승강기,방배 헬랜힐,서울 서초구 방배동 921-20,방배1동,2025-09-18
장애인용 승강기,방배1동초록꿈어린이집,서울 서초구 방배동 916-7,방배1동,2025-09-18
장애인용 승강기,방배1차현대아파트,서울 서초구 방배동 1344,방배4동,2025-09-18
장애인용 승강기,방배2동주민센터,서울 서초구 방배동 462-13,방배2동,2025-09-18
장애인용 승강기,방배2차-e편한세상아파트,서울 서초구 방배동 881-26,방배4동,2025-09-18
장애인용 승강기,방배2차현대홈타운,서울 서초구 방배동 2001,방배4동,2025-09-18
장애인용 승강기,방배3동주민센터,서울 서초구 방배동 1023-3,방배3동,2025-09-18
장애인용 승강기,방배3차e-편한세상,서울 서초구 방배동 797-30,방배본동,2025-09-18
장애인용 승강기,방배3차현대홈타운,서울 서초구 방배동 2233,방배본동,2025-09-18
장애인용 승강기,방배4동성당,서울 서초구 방배동 807-7,방배4동,2025-09-18
장애인용 승강기,방배CJ나인빌리지,서울 서초구 방배동 889-5,방배1동,2025-09-18
장애인용 승강기,방배I-PARK,서울 서초구 방배동 3277,방배본동,2025-09-18
장애인용 승강기,방배SH-VILLE,서울 서초구 방배동 2626-3,방배2동,2025-09-18
장애인용 승강기,방배SK리더스뷰아파트,서울 서초구 방배동 444-3,방배2동,2025-09-18
장애인용 승강기,방배SK아펠바움,서울 서초구 방배동 1-15,방배본동,2025-09-18
장애인용 승강기,방배e편한세상1차아파트,서울 서초구 방배동 884-21,방배1동,2025-09-18
장애인용 승강기,방배갤러리,서울 서초구 방배동 806-3,방배4동,2025-09-18
장애인용 승강기,방배그랑자이(서울),서울 서초구 방배동 3283,방배3동,2025-09-18
장애인용 승강기,방배노블루체서리풀오피스텔,서울 서초구 방배동 426-1,방배2동,2025-09-18
장애인용 승강기,방배노인종합복지관,서울 서초구 방배동 455-11,방배2동,2025-09-18
장애인용 승강기,방배느티나무 쉼터,서울 서초구 방배동 478-13,방배3동,2025-09-18
장애인용 승강기,방배동 M빌딩,서울 서초구 방배동 753-2,방배본동,2025-09-18
장애인용 승강기,방배동 센트레빌,서울 서초구 방배동 777-12,방배본동,2025-09-18
장애인용 승강기,방배동895-6,서울 서초구 방배동 895-6,방배1동,2025-09-18
장애인용 승강기,방배동926-17,서울 서초구 방배동 926-17,방배1동,2025-09-18
장애인용 승강기,방배동나노빌딩,서울 서초구 방배동 489-4,방배3동,2025-09-18
장애인용 승강기,방배동대우디오빌,서울 서초구 방배동 866-20,방배4동,2025-09-18
장애인용 승강기,방배동롯데캐슬헤론,서울 서초구 방배동 754-1,방배본동,2025-09-18
장애인용 승강기,방배동멤버스카운티(501동),서울 서초구 방배동 801-1,방배4동,2025-09-18
장애인용 승강기,방배동멤버스카운티(502동),서울 서초구 방배동 801-1,방배4동,2025-09-18
장애인용 승강기,방배동부센트레빌,서울 서초구 방배동 3275,방배본동,2025-09-18
장애인용 승강기,방배동상지리츠빌3차,서울 서초구 방배동 843-15,방배4동,2025-09-18
장애인용 승강기,방배동상지리츠빌4차,서울 서초구 방배동 843-13,방배4동,2025-09-18
장애인용 승강기,방배동상지리츠빌7차,서울 서초구 방배동 840-12,방배4동,2025-09-18
장애인용 승강기,방배동우성타운,서울 서초구 방배동 445-4,방배2동,2025-09-18
장애인용 승강기,방배동현대쉴러하우스,서울 서초구 방배동 853-19,방배4동,2025-09-18
장애인용 승강기,방배래미안아파트,서울 서초구 방배동 2626,방배2동,2025-09-18
장애인용 승강기,방배래미안타워,서울 서초구 방배동 485-3,방배3동,2025-09-18
장애인용 승강기,방배렉슬,서울 서초구 방배동 805-9,방배4동,2025-09-18
장애인용 승강기,방배롯데캐슬로제,서울 서초구 방배동 849-30,방배4동,2025-09-18
장애인용 승강기,방배롯데캐슬아르떼,서울 서초구 방배동 424-28,방배2동,2025-09-18
장애인용 승강기,방배롯데캐슬포레스트,서울 서초구 방배동 844-27,방배4동,2025-09-18
장애인용 승강기,방배리첸시아,서울 서초구 방배동 755-14,방배본동,2025-09-18
장애인용 승강기,방배리치빌,서울 서초구 방배동 474-9,방배2동,2025-09-18
장애인용 승강기,방배마에스트로1동,서울 서초구 방배동 866-10,방배4동,2025-09-18
장애인용 승강기,방배멤피스현대아파트,서울 서초구 방배동 774-19,방배본동,2025-09-18
장애인용 승강기,방배베라루체,서울 서초구 방배동 901-8,방배1동,2025-09-18
장애인용 승강기,방배본동신나는어린이집,서울 서초구 방배동 789-18,방배본동,2025-09-18
장애인용 승강기,방배본동주민센터,서울 서초구 방배동 774-9,방배본동,2025-09-18
장애인용 승강기,방배브라운가아파트,서울 서초구 방배동 930-1,방배1동,2025-09-18
장애인용 승강기,방배빌라,서울 서초구 방배동 869-7,방배4동,2025-09-18
장애인용 승강기,방배빌리지1,서울 서초구 방배동 889-5,방배1동,2025-09-18
장애인용 승강기,방배빌리지2,서울 서초구 방배동 889-5,방배1동,2025-09-18
장애인용 승강기,방배빌리지4차,서울 서초구 방배동 593-73,방배3동,2025-09-18
장애인용 승강기,방배빌리지5차,서울 서초구 방배동 593-52,방배3동,2025-09-18
장애인용 승강기,방배상지리츠빌8차,서울 서초구 방배동 1-35,방배본동,2025-09-18
장애인용 승강기,방배서리풀e편한세상아파트,서울 서초구 방배동 906-13,방배1동,2025-09-18
장애인용 승강기,방배서리풀그랑블,서울 서초구 방배동 3279,방배1동,2025-09-18
장애인용 승강기,방배서리풀힐스,서울 서초구 방배동 915-16,방배1동,2025-09-18
장애인용 승강기,방배세양아르비채,서울 서초구 방배동 421-1,방배2동,2025-09-18
장애인용 승강기,방배센트럴빌딩,서울 서초구 방배동 909-6,방배1동,2025-09-18
장애인용 승강기,방배센트레빌,서울 서초구 방배동 777-12,방배본동,2025-09-18
장애인용 승강기,방배숲도서관,서울 서초구 방배동 126-1,방배1동,2025-09-18
장애인용 승강기,방배스카이,서울 서초구 방배동 755-7,방배본동,2025-09-18
장애인용 승강기,방배신동아럭스빌,서울 서초구 방배동 1026-14,방배3동,2025-09-18
장애인용 승강기,방배씨티아파트,서울 서초구 방배동 836-1,방배4동,2025-09-18
장애인용 승강기,방배아이파크빌,서울 서초구 방배동 763-19,방배본동,2025-09-18
장애인용 승강기,방배아크로리버,서울 서초구 방배동 752-36,방배본동,2025-09-18
장애인용 승강기,방배아크로타워,서울 서초구 방배동 923-6,방배1동,2025-09-18
장애인용 승강기,방배아크로타워아파트,서울 서초구 방배동 923-6,방배1동,2025-09-18
장애인용 승강기,방배아크빌A동,서울 서초구 방배동 848-1,방배4동,2025-09-18
장애인용 승강기,방배아크빌B동,서울 서초구 방배동 848-1,방배4동,2025-09-18
장애인용 승강기,방배아트e-편한세상,서울 서초구 방배동 484-2,방배3동,2025-09-18
장애인용 승강기,방배어반하우스,서울 서초구 방배동 857-14,방배4동,2025-09-18
장애인용 승강기,방배어울림아파트,서울 서초구 방배동 998,방배3동,2025-09-18
장애인용 승강기,방배어퍼하우스2차,서울 서초구 방배동 12-5,방배본동,2025-09-18
장애인용 승강기,방배열린문화센터,서울 서초구 방배동 852-14,방배4동,2025-09-18
장애인용 승강기,방배자이아파트,서울 서초구 방배동 888-53,방배1동,2025-09-18
장애인용 승강기,방배중학교,서울 서초구 반포동 586-1,반포4동,2025-09-18
장애인용 승강기,방배타운하우스,서울 서초구 방배동 790-26,방배본동,2025-09-18
장애인용 승강기,방배트리플아파트,서울 서초구 방배동 816-3,방배4동,2025-09-18
장애인용 승강기,방배팰리스빌라,서울 서초구 방배동 809-14,방배4동,2025-09-18
장애인용 승강기,방배하이빌10차,서울 서초구 방배동 807-22,방배4동,2025-09-18
장애인용 승강기,방배하이빌6차,서울 서초구 방배동 840-8,방배4동,2025-09-18
장애인용 승강기,방배하이빌9차,서울 서초구 방배동 807-1,방배4동,2025-09-18
장애인용 승강기,방배한신트리플아파트,서울 서초구 방배동 816-1,방배4동,2025-09-18
장애인용 승강기,방배한화아파트,서울 서초구 방배동 169-24,방배1동,2025-09-18
장애인용 승강기,방배헤스티아2,서울 서초구 방배동 467-24,방배2동,2025-09-18
장애인용 승강기,방배현대멤피스2차아파트,서울 서초구 방배동 982-1,방배3동,2025-09-18
장애인용 승강기,방배홈스텔,서울 서초구 방배동 1031-2,방배3동,2025-09-18
장애인용 승강기,방배홈타운,서울 서초구 방배동 1344,방배4동,2025-09-18
장애인용 승강기,백석대교육동,서울 서초구 방배동 981-10,방배3동,2025-09-18
장애인용 승강기,백석대학교 서울캠퍼스 조이하우스,서울 서초구 방배동 1023-1,방배3동,2025-09-18
장애인용 승강기,백석예술대학교사랑동,서울 서초구 방배동 981-23,방배3동,2025-09-18
장애인용 승강기,백석예술대학교예술동,서울 서초구 방배동 981-7,방배3동,2025-09-18
장애인용 승강기,백아빌딩,서울 서초구 서초동 1668-20,서초1동,2025-09-18
장애인용 승강기,벌떼교회,서울 서초구 우면동 681,양재1동,2025-09-18
장애인용 승강기,범아빌딩,서울 서초구 양재동 66-5,양재1동,2025-09-18
장애인용 승강기,베로니스3차,서울 서초구 방배동 807-11,방배4동,2025-09-18
장애인용 승강기,베로니스6차,서울 서초구 반포동 551-67,반포4동,2025-09-18
장애인용 승강기,베로니스9차,서울 서초구 방배동 750,방배본동,2025-09-18
장애인용 승강기,베로니스Ⅱ,서울 서초구 방배동 803-9,방배4동,2025-09-18
장애인용 승강기,베리타스빌딩,서울 서초구 서초동 1535-7,서초3동,2025-09-18
장애인용 승강기,베리타스타운,서울 서초구 반포동 20-51,반포1동,2025-09-18
장애인용 승강기,벨라헤이븐,서울 서초구 반포동 703-12,반포1동,2025-09-18
장애인용 승강기,벨루체팰리스,서울 서초구 방배동 808-10,방배4동,2025-09-18
장애인용 승강기,보미리전빌아파트,서울 서초구 잠원동 32-22,잠원동,2025-09-18
장애인용 승강기,보아스방배아파트,서울 서초구 방배동 831-6,방배4동,2025-09-18
장애인용 승강기,보아스힐아파트,서울 서초구 반포동 701-4,반포1동,2025-09-18
장애인용 승강기,보일빌딩,서울 서초구 서초동 1359-35,서초2동,2025-09-18
장애인용 승강기,부띠크모나코,서울 서초구 서초동 1316-5,서초4동,2025-09-18
장애인용 승강기,불교텔레비젼(주),서울 서초구 방배동 1027-4,방배3동,2025-09-18
장애인용 승강기,브니엘빌딩,서울 서초구 서초동 1362-9,서초2동,2025-09-18
장애인용 승강기,브라운스톤로얄스위트서초,서울 서초구 서초동 1492-4,서초3동,2025-09-18
장애인용 승강기,브라운스톤방배APT,서울 서초구 방배동 899-16,방배1동,2025-09-18
장애인용 승강기,브라운스톤잠원아파트,서울 서초구 잠원동 67-2,반포3동,2025-09-18
장애인용 승강기,브라운스톤효령APT,서울 서초구 방배동 981-40,방배3동,2025-09-18
장애인용 승강기,브랜드칸타워,서울 서초구 반포동 722-20,반포1동,2025-09-18
장애인용 승강기,블루원빌딩,서울 서초구 서초동 1699-16,서초4동,2025-09-18
장애인용 승강기,블루콤타워,서울 서초구 서초동 1572-4,서초3동,2025-09-18
장애인용 승강기,블루힐65,서울 서초구 서초동 1553-15,서초3동,2025-09-18
장애인용 승강기,블루힐하우스,서울 서초구 잠원동 71-1,반포3동,2025-09-18
장애인용 승강기,비버리하임,서울 서초구 양재동 5-12,양재1동,2025-09-18
장애인용 승강기,비선빌딩,서울 서초구 서초동 1489-2,서초3동,2025-09-18
장애인용 승강기,비씨카드퓨쳐센터,서울 서초구 서초동 1427-1,서초1동,2025-09-18
장애인용 승강기,비엥에뜨르,서울 서초구 반포동 86-5,반포4동,2025-09-18
장애인용 승강기,비전힐아파트,서울 서초구 방배동 980-25,방배2동,2025-09-18
장애인용 승강기,뻬에뻬빌딩,서울 서초구 서초동 1580-9,서초3동,2025-09-18
장애인용 승강기,사랑의교회,서울 서초구 서초동 1541-1,서초3동,2025-09-18
장애인용 승강기,사랑의복지관,서울 서초구 서초동 1310-10,서초4동,2025-09-18
장애인용 승강기,산동빌딩,서울 서초구 서초동 1363-6,서초2동,2025-09-18
장애인용 승강기,산정현교회,서울 서초구 서초동 1494-3,서초3동,2025-09-18
장애인용 승강기,산지빌딩,서울 서초구 서초동 1429-2,서초1동,2025-09-18
장애인용 승강기,삼삼칠빌딩,서울 서초구 서초동 1329-10,서초2동,2025-09-18
장애인용 승강기,삼성디지털프라자교대역점,서울 서초구 서초동 1672-6,서초1동,2025-09-18
장애인용 승강기,삼성디지털프라자방배점,서울 서초구 방배동 905-1,방배1동,2025-09-18
장애인용 승강기,삼성베스트빌,서울 서초구 양재동 362,양재2동,2025-09-18
장애인용 승강기,삼성생명서초타워,서울 서초구 서초동 1321-15,서초2동,2025-09-18
장애인용 승강기,삼성서초가든스위트,서울 서초구 서초동 1326,서초2동,2025-09-18
장애인용 승강기,삼성에이스빌,서울 서초구 반포동 726-16,반포1동,2025-09-18
장애인용 승강기,삼성전자서초사옥,서울 서초구 서초동 1320-10,서초2동,2025-09-18
장애인용 승강기,삼성홈스테이 2차,서울 서초구 서초동 1522-2,서초3동,2025-09-18
장애인용 승강기,삼성화재 서초사옥,서울 서초구 서초동 1329,서초2동,2025-09-18
장애인용 승강기,삼익EOE,서울 서초구 양재동 252,양재2동,2025-09-18
장애인용 승강기,삼호한숲아파트,서울 서초구 방배동 1030-1,방배3동,2025-09-18
장애인용 승강기,삼화에코빌(방배로),서울 서초구 방배동 905-29,방배1동,2025-09-18
장애인용 승강기,삼흥서초빌딩,서울 서초구 서초동 1451-79,서초3동,2025-09-18
장애인용 승강기,상기빌딩,서울 서초구 서초동 1490-33,서초3동,2025-09-18
장애인용 승강기,상록빌딩,서울 서초구 서초동 1629-3,서초1동,2025-09-18
장애인용 승강기,상문고등학교,서울 서초구 방배동 1000-1,서초3동,2025-09-18
장애인용 승강기,상지리츠빌1차,서울 서초구 방배동 1-29,방배본동,2025-09-18
장애인용 승강기,상지리츠빌서초8차,서울 서초구 방배동 1-35,방배본동,2025-09-18
장애인용 승강기,새로나빌딩,서울 서초구 반포동 746-8,반포1동,2025-09-18
장애인용 승강기,새티스아파트,서울 서초구 반포동 612-138,반포4동,2025-09-18
장애인용 승강기,샹보르아파트,서울 서초구 서초동 1609-1,서초1동,2025-09-18
장애인용 승강기,서도휴빌(방배),서울 서초구 방배동 792-17,방배본동,2025-09-18
장애인용 승강기,서래더하임,서울 서초구 반포동 76-4,반포4동,2025-09-18
장애인용 승강기,서래스테이,서울 서초구 반포동 96-9,반포4동,2025-09-18
장애인용 승강기,서래아르드빌,서울 서초구 반포동 88-4,반포4동,2025-09-18
장애인용 승강기,서리풀그림,서울 서초구 서초동 1498-4,서초3동,2025-09-18
장애인용 승강기,서리풀래디앙,서울 서초구 서초동 1582-16,서초3동,2025-09-18
장애인용 승강기,서리풀베아체,서울 서초구 방배동 922-15,방배1동,2025-09-18
장애인용 승강기,서리풀어반스테이,서울 서초구 방배동 808-13,방배4동,2025-09-18
장애인용 승강기,서리풀월드메르디앙레브,서울 서초구 서초동 1490-5,서초3동,2025-09-18
장애인용 승강기,서리풀크렘,서울 서초구 서초동 1508-20,서초3동,2025-09-18
장애인용 승강기,서리풀포레,서울 서초구 서초동 1506-60,서초3동,2025-09-18
장애인용 승강기,서리풀프라젠아파트,서울 서초구 방배동 3281,방배4동,2025-09-18
장애인용 승강기,서린아파트,서울 서초구 서초동 1456-1,서초3동,2025-09-18
장애인용 승강기,서문여자고등학교,서울 서초구 방배동 1514,방배4동,2025-09-18
장애인용 승강기,서송빌딩,서울 서초구 서초동 1514-1,서초3동,2025-09-18
장애인용 승강기,서운중학교,서울 서초구 서초동 1325-1,서초2동,2025-09-18
장애인용 승강기,서울 탑 치과병원,서울 서초구 서초동 1586-4,서초3동,2025-09-18
장애인용 승강기,서울가정행정법원청사,서울 서초구 양재동 25-3,양재1동,2025-09-18
장애인용 승강기,서울경찰청경찰특공대,서울 서초구 방배동 산 184,방배2동,2025-09-18
장애인용 승강기,서울계성초등학교,서울 서초구 반포동 6-1,반포2동,2025-09-18
장애인용 승강기,서울고등학교,서울 서초구 서초동 1526-1,서초3동,2025-09-18
장애인용 승강기,서울고속버스터미널(주),서울 서초구 반포동 19-4,반포4동,2025-09-18
장애인용 승강기,서울교육대학교,서울 서초구 서초동 1650,서초1동,2025-09-18
장애인용 승강기,서울교육대학교 평생교육1관,서울 서초구 서초동 1650,서초1동,2025-09-18
장애인용 승강기,서울교통공사 2호선서초역,서울 서초구 반포동 19-4,반포4동,2025-09-18
장애인용 승강기,서울교통공사 사당별관,서울 서초구 방배동 447-7,방배2동,2025-09-18
장애인용 승강기,서울국제크리스천아카데미,서울 서초구 양재동 363,양재2동,2025-09-18
장애인용 승강기,서울나래학교,서울 서초구 염곡동 72,내곡동,2025-09-18
장애인용 승강기,서울반원초등학교,서울 서초구 잠원동 72,반포3동,2025-09-18
장애인용 승강기,서울방배초등학교,서울 서초구 방배동 861-1,방배4동,2025-09-18
장애인용 승강기,서울방일초등학교,서울 서초구 방배동 167-4,방배1동,2025-09-18
장애인용 승강기,서울방현초등학교,서울 서초구 방배동 산 81-1,방배3동,2025-09-18
장애인용 승강기,서울법원종합청사,서울 서초구 서초동 1701-1,서초3동,2025-09-18
장애인용 승강기,서울서래초등학교,서울 서초구 방배동 771,방배본동,2025-09-18
장애인용 승강기,서울서원초등학교,서울 서초구 반포동 30-8,반포1동,2025-09-18
장애인용 승강기,서울서이초등학교,서울 서초구 서초동 1334-2,서초2동,2025-09-18
장애인용 승강기,서울서초초등학교,서울 서초구 서초동 1310-6,서초4동,2025-09-18
장애인용 승강기,서울성모병원,서울 서초구 반포동 505,반포4동,2025-09-18
장애인용 승강기,서울시데이터센터,서울 서초구 서초동 393-1,서초1동,2025-09-18
장애인용 승강기,서울시인재개발원,서울 서초구 서초동 391,서초1동,2025-09-18
장애인용 승강기,서울신동초등학교,서울 서초구 잠원동 54-5,잠원동,2025-09-18
장애인용 승강기,서울신중초등학교,서울 서초구 서초동 1466-5,서초3동,2025-09-18
장애인용 승강기,서울양재초등학교,서울 서초구 양재동 101,양재1동,2025-09-18
장애인용 승강기,서울어진유치원,서울 서초구 우면동 731,양재1동,2025-09-18
장애인용 승강기,서울연구원,서울 서초구 서초동 391,서초1동,2025-09-18
장애인용 승강기,서울영동농협,서울 서초구 양재동 372,양재2동,2025-09-18
장애인용 승강기,서울영동농협종합시설,서울 서초구 신원동 270-10,내곡동,2025-09-18
장애인용 승강기,서울오토갤러리,서울 서초구 양재동 217,양재2동,2025-09-18
장애인용 승강기,서울외국어대학원,서울 서초구 양재동 17-7,양재1동,2025-09-18
장애인용 승강기,서울우면초등학교,서울 서초구 우면동 690,양재1동,2025-09-18
장애인용 승강기,서울우암초등학교,서울 서초구 우면동 58,양재1동,2025-09-18
장애인용 승강기,서울원명초등학교,서울 서초구 서초동 1685-1,서초4동,2025-09-18
장애인용 승강기,서울원촌초등학교,서울 서초구 반포동 21,반포1동,2025-09-18
장애인용 승강기,서울중앙지방검찰청,서울 서초구 서초동 1724,서초3동,2025-09-18
장애인용 승강기,서울중앙지방법원등기국,서울 서초구 서초동 1707-4,서초3동,2025-09-18
장애인용 승강기,서울지방변호사회,서울 서초구 서초동 1718-1,서초3동,2025-09-18
장애인용 승강기,서울지방조달청사,서울 서초구 반포동 520-3,반포4동,2025-09-18
장애인용 승강기,서울청계숲유치원,서울 서초구 신원동 645,내곡동,2025-09-18
장애인용 승강기,서울카렌탈비즈니스센터,서울 서초구 방배동 901-9,방배1동,2025-09-18
장애인용 승강기,서울특별시교육청교육연수원,서울 서초구 방배동 90,방배3동,2025-09-18
장애인용 승강기,서울특별시어린이병원,서울 서초구 내곡동 6-7,내곡동,2025-09-18
장애인용 승강기,서울프랑스학교,서울 서초구 반포동 98-2,반포4동,2025-09-18
장애인용 승강기,서원빌딩,서울 서초구 서초동 1675-1,서초1동,2025-09-18
장애인용 승강기,서일중학교,서울 서초구 서초동 1313,서초4동,2025-09-18
장애인용 승강기,서전빌딩,서울 서초구 서초동 1330-9,서초2동,2025-09-18
장애인용 승강기,서주빌딩,서울 서초구 서초동 1357-21,서초2동,2025-09-18
장애인용 승강기,서진플로렌스297,서울 서초구 방배동 913-23,방배1동,2025-09-18
장애인용 승강기,서초 베스트원,서울 서초구 서초동 1330-10,서초2동,2025-09-18
장애인용 승강기,서초 아르떼,서울 서초구 서초동 1306-8,서초4동,2025-09-18
장애인용 승강기,서초 에스테온,서울 서초구 서초동 1514-7,서초3동,2025-09-18
장애인용 승강기,서초 웰하우스,서울 서초구 서초동 1487-116,서초3동,2025-09-18
장애인용 승강기,서초1동주민센터,서울 서초구 서초동 1649-5,서초1동,2025-09-18
장애인용 승강기,서초1차e편한세상,서울 서초구 서초동 1487-63,서초3동,2025-09-18
장애인용 승강기,서초2동주민센터,서울 서초구 서초동 1332-6,서초2동,2025-09-18
장애인용 승강기,서초2차e-편한세상아파트,서울 서초구 서초동 1529,서초3동,2025-09-18
장애인용 승강기,서초3차상지리츠빌,서울 서초구 서초동 1492-13,서초3동,2025-09-18
장애인용 승강기,서초4동주민센터,서울 서초구 서초동 1302-6,서초4동,2025-09-18
장애인용 승강기,서초4차상지리츠빌,서울 서초구 방배동 843-13,방배4동,2025-09-18
장애인용 승강기,서초4차현대아파트,서울 서초구 서초동 1684,서초4동,2025-09-18
장애인용 승강기,서초ESA3차아파트,서울 서초구 방배동 1006-1,서초3동,2025-09-18
장애인용 승강기,서초KETI빌딩,서울 서초구 서초동 1574-14,서초3동,2025-09-18
장애인용 승강기,서초V샤르망,서울 서초구 서초동 1601-1,서초3동,2025-09-18
장애인용 승강기,서초경남아너스빌,서울 서초구 서초동 1455-9,서초3동,2025-09-18
장애인용 승강기,서초고등학교,서울 서초구 서초동 1504,서초3동,2025-09-18
장애인용 승강기,서초관정빌딩,서울 서초구 서초동 1572-8,서초3동,2025-09-18
장애인용 승강기,서초교대e-편한세상,서울 서초구 서초동 1686-9,서초4동,2025-09-18
장애인용 승강기,서초구 반포동 707-5,서울 서초구 반포동 707-5,반포1동,2025-09-18
장애인용 승강기,서초구구립하나어린이집,서울 서초구 반포동 53-6,반포4동,2025-09-18
장애인용 승강기,서초구립 방배1동 숲 어린이집,서울 서초구 방배동 899-13,방배1동,2025-09-18
장애인용 승강기,서초구립 방배4동 어린이집,서울 서초구 방배동 873-3,방배4동,2025-09-18
장애인용 승강기,서초구립 양재노인종합복지관,서울 서초구 양재동 7-44,양재1동,2025-09-18
장애인용 승강기,서초구립내곡연두어린이집,서울 서초구 내곡동 402,내곡동,2025-09-18
장애인용 승강기,서초구립반포단비어린이집,서울 서초구 반포동 711-11,반포1동,2025-09-18
장애인용 승강기,서초구립반포도서관,서울 서초구 반포동 32-12,반포1동,2025-09-18
장애인용 승강기,서초구립방배서리풀어린이집,서울 서초구 방배동 879-1,방배4동,2025-09-18
장애인용 승강기,서초구립방배유스센터,서울 서초구 방배동 1031-4,방배3동,2025-09-18
장애인용 승강기,서초구립서초3동어린이집,서울 서초구 서초동 1522-6,서초3동,2025-09-18
장애인용 승강기,서초구립양재별하어린이집,서울 서초구 양재동 401-12,양재2동,2025-09-18
장애인용 승강기,서초구립잠원동어린이집,서울 서초구 잠원동 34-8,잠원동,2025-09-18
장애인용 승강기,서초구립한우리정보문화센터,서울 서초구 서초동 380,서초1동,2025-09-18
장애인용 승강기,서초구민체육센터,서울 서초구 반포동 114-3,반포2동,2025-09-18
장애인용 승강기,서초구양재목련어린이집,서울 서초구 양재동 300-11,양재2동,2025-09-18
장애인용 승강기,서초구육아종합지원센터,서울 서초구 서초동 1360-26,서초2동,2025-09-18
장애인용 승강기,서초구청,서울 서초구 서초동 1376-3,서초2동,2025-09-18
장애인용 승강기,서초그랑자이아파트,서울 서초구 서초동 1757,서초2동,2025-09-18
장애인용 승강기,서초그랑자이아파트상가,서울 서초구 서초동 1757-1,서초2동,2025-09-18
장애인용 승강기,서초그레이스 빌,서울 서초구 서초동 1507-17,서초3동,2025-09-18
장애인용 승강기,서초그레이튼,서울 서초구 서초동 1603-81,서초1동,2025-09-18
장애인용 승강기,서초극동스타클래스1,서울 서초구 서초동 1616-10,서초1동,2025-09-18
장애인용 승강기,서초금호어울림,서울 서초구 서초동 1467-97,서초3동,2025-09-18
장애인용 승강기,서초네이처힐1단지,서울 서초구 우면동 707,양재1동,2025-09-18
장애인용 승강기,서초네이처힐2단지,서울 서초구 우면동 712,양재1동,2025-09-18
장애인용 승강기,서초네이처힐4단지,서울 서초구 우면동 720,양재1동,2025-09-18
장애인용 승강기,서초네이처힐5단지,서울 서초구 우면동 730,양재1동,2025-09-18
장애인용 승강기,서초네이처힐6단지,서울 서초구 우면동 737,양재1동,2025-09-18
장애인용 승강기,서초네이처힐7단지,서울 서초구 우면동 735,양재1동,2025-09-18
장애인용 승강기,서초노블레스아파트,서울 서초구 서초동 1362-10,서초2동,2025-09-18
장애인용 승강기,서초노빌리에,서울 서초구 서초동 1566-19,서초3동,2025-09-18
장애인용 승강기,서초느티나무쉼터,서울 서초구 서초동 1484-6,서초3동,2025-09-18
장애인용 승강기,서초대림빌라트,서울 서초구 서초동 1518-6,서초3동,2025-09-18
장애인용 승강기,서초대우아이빌,서울 서초구 서초동 1675-11,서초1동,2025-09-18
장애인용 승강기,서초대우엘로즈카운티아파트,서울 서초구 서초동 1467-3,서초3동,2025-09-18
장애인용 승강기,서초더샵포레,서울 서초구 내곡동 411,내곡동,2025-09-18
장애인용 승강기,서초더하임,서울 서초구 서초동 1649-15,서초1동,2025-09-18
장애인용 승강기,서초동 1364-5,서울 서초구 서초동 1364-5,서초2동,2025-09-18
장애인용 승강기,서초동 1555-2,서울 서초구 서초동 1555-2,서초3동,2025-09-18
장애인용 승강기,서초동 1565-9,서울 서초구 서초동 1565-9,서초3동,2025-09-18
장애인용 승강기,서초동 1589-12,서울 서초구 서초동 1589-12,서초3동,2025-09-18
장애인용 승강기,서초동 1699-6,서울 서초구 서초동 1699-6,서초4동,2025-09-18
장애인용 승강기,서초동 도시형 생활주택,서울 서초구 서초동 1363-25,서초2동,2025-09-18
장애인용 승강기,서초동 재규어/랜드로버 전시장,서울 서초구 서초동 1585-3,서초3동,2025-09-18
장애인용 승강기,서초동1694-14,서울 서초구 서초동 1694-14,서초4동,2025-09-18
장애인용 승강기,서초동1699-2 오피스텔,서울 서초구 서초동 1316-5,서초4동,2025-09-18
장애인용 승강기,서초동SKVIEW,서울 서초구 서초동 1521-8,서초3동,2025-09-18
장애인용 승강기,서초동W타워,서울 서초구 서초동 1303-37,서초4동,2025-09-18
장애인용 승강기,서초동교회,서울 서초구 서초동 1634-1,서초1동,2025-09-18
장애인용 승강기,서초동대성유니드아파트,서울 서초구 서초동 1641-3,서초1동,2025-09-18
장애인용 승강기,서초동로얄아파트,서울 서초구 서초동 1627-3,서초1동,2025-09-18
장애인용 승강기,서초동메이플라워멤버스빌,서울 서초구 서초동 1688-6,서초4동,2025-09-18
장애인용 승강기,서초동블루핀타워,서울 서초구 서초동 1623-12,서초1동,2025-09-18
장애인용 승강기,서초동아,서울 서초구 서초동 1321-6,서초2동,2025-09-18
장애인용 승강기,서초동아이파크아파트,서울 서초구 서초동 1582-3,서초3동,2025-09-18
장애인용 승강기,서초동우정에쉐르,서울 서초구 서초동 1355-24,서초2동,2025-09-18
장애인용 승강기,서초동원일빌딩,서울 서초구 서초동 1451-1,서초3동,2025-09-18
장애인용 승강기,서초동천주교회,서울 서초구 서초동 1634-1,서초1동,2025-09-18
장애인용 승강기,서초동풍림아이원,서울 서초구 서초동 1338-1,서초2동,2025-09-18
장애인용 승강기,서초두산베어스텔,서울 서초구 서초동 1319-11,서초2동,2025-09-18
장애인용 승강기,서초디벨리움오피스텔,서울 서초구 우면동 755,양재1동,2025-09-18
장애인용 승강기,서초디오빌,서울 서초구 서초동 1337-22,서초2동,2025-09-18
장애인용 승강기,서초래미안3차,서울 서초구 서초동 1487-145,서초3동,2025-09-18
장애인용 승강기,서초래미안상가,서울 서초구 서초동 1755-1,서초2동,2025-09-18
장애인용 승강기,서초래미안아파트,서울 서초구 서초동 1682,서초4동,2025-09-18
장애인용 승강기,서초레몬오피스텔,서울 서초구 서초동 1600-11,서초3동,2025-09-18
장애인용 승강기,서초로즈힐,서울 서초구 서초동 1527-10,서초3동,2025-09-18
장애인용 승강기,서초롯데캐슬84,서울 서초구 서초동 1642-14,서초1동,2025-09-18
장애인용 승강기,서초롯데캐슬메디치,서울 서초구 서초동 1656-4,서초1동,2025-09-18
장애인용 승강기,서초롯데캐슬프레지던트,서울 서초구 서초동 1681-8,서초4동,2025-09-18
장애인용 승강기,서초리더스정형외과,서울 서초구 방배동 924-12,방배1동,2025-09-18
장애인용 승강기,서초리슈빌 오피스텔,서울 서초구 서초동 1589-10,서초3동,2025-09-18
장애인용 승강기,서초리슈빌S,서울 서초구 우면동 787,양재1동,2025-09-18
장애인용 승강기,서초리시본하우스,서울 서초구 양재동 15-11,양재1동,2025-09-18
장애인용 승강기,서초리시온,서울 서초구 서초동 1671-5,서초1동,2025-09-18
장애인용 승강기,서초리젠아파트,서울 서초구 서초동 1444-19,서초1동,2025-09-18
장애인용 승강기,서초메이플,서울 서초구 서초동 1549-1,서초3동,2025-09-18
장애인용 승강기,서초미라쉘오피스텔,서울 서초구 우면동 765,양재1동,2025-09-18
장애인용 승강기,서초미래빌딩,서울 서초구 서초동 1461-1,서초3동,2025-09-18
장애인용 승강기,서초미르,서울 서초구 양재동 402-5,양재2동,2025-09-18
장애인용 승강기,서초반곡빌딩,서울 서초구 서초동 1629-1,서초1동,2025-09-18
장애인용 승강기,서초법조타운,서울 서초구 서초동 1692-1,서초4동,2025-09-18
장애인용 승강기,서초법조타워,서울 서초구 서초동 1554-4,서초3동,2025-09-18
장애인용 승강기,서초벨라비스타,서울 서초구 서초동 1348-7,서초2동,2025-09-18
장애인용 승강기,서초벽산블루밍,서울 서초구 서초동 1347-20,서초2동,2025-09-18
장애인용 승강기,서초블리스,서울 서초구 서초동 1364-26,서초2동,2025-09-18
장애인용 승강기,서초비버리캐슬,서울 서초구 서초동 1486-17,서초3동,2025-09-18
장애인용 승강기,서초삼성래미안APT,서울 서초구 서초동 1682,서초4동,2025-09-18
장애인용 승강기,서초삼성쉐르빌2,서울 서초구 서초동 1330,서초2동,2025-09-18
장애인용 승강기,서초상지리츠빌1차,서울 서초구 서초동 1490-1,서초3동,2025-09-18
장애인용 승강기,서초상지리츠빌2차,서울 서초구 서초동 1617-8,서초1동,2025-09-18
장애인용 승강기,서초상지리츠빌5차,서울 서초구 서초동 1491-14,서초3동,2025-09-18
장애인용 승강기,서초상지리츠빌7차,서울 서초구 서초동 1491-1,서초3동,2025-09-18
장애인용 승강기,서초생활관,서울 서초구 서초동 1468,서초3동,2025-09-18
장애인용 승강기,서초성결교회,서울 서초구 반포동 50-1,반포4동,2025-09-18
장애인용 승강기,서초성심노인복지센터,서울 서초구 서초동 1558-15,서초3동,2025-09-18
장애인용 승강기,서초센트럴아이파크,서울 서초구 서초동 1582-3,서초3동,2025-09-18
장애인용 승강기,서초센트럴주차장,서울 서초구 서초동 1582-25,서초3동,2025-09-18
장애인용 승강기,서초솔로빌오피스텔,서울 서초구 서초동 1623-3,서초1동,2025-09-18
장애인용 승강기,서초스페이스다온,서울 서초구 서초동 1339-2,서초2동,2025-09-18
장애인용 승강기,서초신라STAY호텔,서울 서초구 서초동 1339-1,서초2동,2025-09-18
장애인용 승강기,서초신방빌딩,서울 서초구 서초동 1366-18,서초2동,2025-09-18
장애인용 승강기,서초신영빌딩,서울 서초구 잠원동 46-13,잠원동,2025-09-18
장애인용 승강기,서초쌍용플래티넘,서울 서초구 서초동 1445-13,서초1동,2025-09-18
장애인용 승강기,서초아르누보씨티3차,서울 서초구 서초동 1680-1,서초4동,2025-09-18
장애인용 승강기,서초아크빌,서울 서초구 서초동 1568-1,서초3동,2025-09-18
장애인용 승강기,서초아트래디앙,서울 서초구 서초동 1582-16,서초3동,2025-09-18
장애인용 승강기,서초아트자이,서울 서초구 서초동 1583-10,서초3동,2025-09-18
장애인용 승강기,서초아트자이(상가),서울 서초구 서초동 1583-10,서초3동,2025-09-18
장애인용 승강기,서초안빌딩,서울 서초구 서초동 1556-3,서초3동,2025-09-18
장애인용 승강기,서초애비뉴클래식오피스텔,서울 서초구 우면동 759,양재1동,2025-09-18
장애인용 승강기,서초에르스떼,서울 서초구 서초동 1428-4,서초1동,2025-09-18
장애인용 승강기,서초여성가족프라자 방배센터,서울 서초구 방배동 983-14,방배3동,2025-09-18
장애인용 승강기,서초연우아파트,서울 서초구 서초동 1487-115,서초3동,2025-09-18
장애인용 승강기,서초예성빌,서울 서초구 서초동 1487-118,서초3동,2025-09-18
장애인용 승강기,서초우방유쉘아파트,서울 서초구 서초동 1560-9,서초3동,2025-09-18
장애인용 승강기,서초월드상가,서울 서초구 서초동 1308-10,서초4동,2025-09-18
장애인용 승강기,서초유나이티드빌딩,서울 서초구 양재동 17-9,양재1동,2025-09-18
장애인용 승강기,서초유치원,서울 서초구 우면동 774,양재1동,2025-09-18
장애인용 승강기,서초이오빌주상복합아파트,서울 서초구 서초동 1593-7,서초3동,2025-09-18
장애인용 승강기,서초이즈타워,서울 서초구 서초동 1337-14,서초2동,2025-09-18
장애인용 승강기,서초일석빌딩,서울 서초구 서초동 1344-21,서초2동,2025-09-18
장애인용 승강기,서초자연인아파트 102동,서울 서초구 서초동 1344-22,서초2동,2025-09-18
장애인용 승강기,서초자이르네,서울 서초구 서초동 1758,서초3동,2025-09-18
장애인용 승강기,서초정암빌딩,서울 서초구 서초동 1714-5,서초3동,2025-09-18
장애인용 승강기,서초종합체육관,서울 서초구 원지동 28,양재2동,2025-09-18
장애인용 승강기,서초중앙노인종합복지관,서울 서초구 서초동 1666-17,서초1동,2025-09-18
장애인용 승강기,서초중학교,서울 서초구 서초동 1528,서초3동,2025-09-18
장애인용 승강기,서초지웰아파트,서울 서초구 서초동 1458-6,서초3동,2025-09-18
장애인용 승강기,서초지웰타워,서울 서초구 서초동 1678-4,서초1동,2025-09-18
장애인용 승강기,서초참요양병원,서울 서초구 우면동 791,양재1동,2025-09-18
장애인용 승강기,서초청소년도서관,서울 서초구 서초동 1336-1,서초2동,2025-09-18
장애인용 승강기,서초캐슬,서울 서초구 방배동 890-1,방배1동,2025-09-18
장애인용 승강기,서초코아APT,서울 서초구 서초동 1465-7,서초3동,2025-09-18
장애인용 승강기,서초클레어,서울 서초구 양재동 80,양재1동,2025-09-18
장애인용 승강기,서초타운트라팰리스,서울 서초구 서초동 1327,서초2동,2025-09-18
장애인용 승강기,서초타워,서울 서초구 서초동 1678-4,서초1동,2025-09-18
장애인용 승강기,서초태동스위트아파트,서울 서초구 서초동 1668-1,서초1동,2025-09-18
장애인용 승강기,서초트라팰리스,서울 서초구 서초동 1344-13,서초2동,2025-09-18
장애인용 승강기,서초트레비앙,서울 서초구 서초동 1558-3,서초3동,2025-09-18
장애인용 승강기,서초트레져,서울 서초구 서초동 1492-5,서초3동,2025-09-18
장애인용 승강기,서초파라곤,서울 서초구 서초동 1327-29,서초2동,2025-09-18
장애인용 승강기,서초팰리스,서울 서초구 서초동 1589-11,서초3동,2025-09-18
장애인용 승강기,서초포레스타2단지아파트,서울 서초구 내곡동 384,내곡동,2025-09-18
장애인용 승강기,서초포레스타3단지아파트,서울 서초구 신원동 568,내곡동,2025-09-18
장애인용 승강기,서초포레스타5단지,서울 서초구 신원동 579,내곡동,2025-09-18
장애인용 승강기,서초포레스타6단지아파트,서울 서초구 신원동 619,내곡동,2025-09-18
장애인용 승강기,서초포레스타7단지,서울 서초구 신원동 615,내곡동,2025-09-18
장애인용 승강기,서초포레지움,서울 서초구 신원동 611,내곡동,2025-09-18
장애인용 승강기,서초푸르지오써밋,서울 서초구 서초동 1311-10,서초4동,2025-09-18
장애인용 승강기,서초풍림아이원플러스,서울 서초구 서초동 1338-1,서초2동,2025-09-18
장애인용 승강기,서초프라비다오피스텔,서울 서초구 서초동 1598-9,서초3동,2025-09-18
장애인용 승강기,서초프라임빌,서울 서초구 서초동 1566-9,서초3동,2025-09-18
장애인용 승강기,서초프라임헤센,서울 서초구 서초동 1756,서초1동,2025-09-18
장애인용 승강기,서초프라자,서울 서초구 서초동 1573-1,서초3동,2025-09-18
장애인용 승강기,서초프레스티지아파트,서울 서초구 서초동 1344-4,서초2동,2025-09-18
장애인용 승강기,서초하임,서울 서초구 서초동 1649-15,서초1동,2025-09-18
장애인용 승강기,서초한빛삼성아파트,서울 서초구 서초동 1509-1,서초3동,2025-09-18
장애인용 승강기,서초한신리빙타워,서울 서초구 서초동 1533,서초3동,2025-09-18
장애인용 승강기,서초한신플러스타운아파트,서울 서초구 서초동 1454-29,서초3동,2025-09-18
장애인용 승강기,서초한일아파트,서울 서초구 서초동 1636-1,서초1동,2025-09-18
장애인용 승강기,서초한일유앤아이주상복합,서울 서초구 서초동 1303-10,서초4동,2025-09-18
장애인용 승강기,서초현대ESA2차아파트,서울 서초구 서초동 1542-6,서초3동,2025-09-18
장애인용 승강기,서초현대ESA아파트,서울 서초구 서초동 1338,서초2동,2025-09-18
장애인용 승강기,서초현대렉시온오피스텔,서울 서초구 서초동 1338-20,서초2동,2025-09-18
장애인용 승강기,서초현대리츠빌,서울 서초구 서초동 1359,서초2동,2025-09-18
장애인용 승강기,서초현대슈퍼빌,서울 서초구 서초동 1446-11,서초3동,2025-09-18
장애인용 승강기,서초현대아파트,서울 서초구 서초동 1648-2,서초1동,2025-09-18
장애인용 승강기,서초현대홈타운,서울 서초구 서초동 1506-88,서초3동,2025-09-18
장애인용 승강기,서초훼미리하우스,서울 서초구 방배동 917-4,방배1동,2025-09-18
장애인용 승강기,서초힐스,서울 서초구 우면동 773,양재1동,2025-09-18
장애인용 승강기,서초힐스아파트,서울 서초구 우면동 773,양재1동,2025-09-18
장애인용 승강기,서혜빌딩,서울 서초구 서초동 1717-8,서초3동,2025-09-18
장애인용 승강기,선인빌딩,서울 서초구 서초동 1327-7,서초2동,2025-09-18
장애인용 승강기,설록아파트,서울 서초구 방배동 815-22,방배4동,2025-09-18
장애인용 승강기,성영아파트,서울 서초구 양재동 206-7,양재2동,2025-09-18
장애인용 승강기,성원데코빌,서울 서초구 양재동 242,양재2동,2025-09-18
장애인용 승강기,성지빌딩,서울 서초구 양재동 363-2,양재2동,2025-09-18
장애인용 승강기,성진준빌라트,서울 서초구 잠원동 48-5,잠원동,2025-09-18
장애인용 승강기,성해빌딩,서울 서초구 서초동 1362-19,서초2동,2025-09-18
장애인용 승강기,세바른병원,서울 서초구 서초동 1600-10,서초3동,2025-09-18
장애인용 승강기,세영제이타워,서울 서초구 반포동 722-21,반포1동,2025-09-18
장애인용 승강기,세원빌딩,서울 서초구 서초동 1366-5,서초2동,2025-09-18
장애인용 승강기,세현빌딩,서울 서초구 서초동 1581-7,서초3동,2025-09-18
장애인용 승강기,세화고등학교,서울 서초구 반포동 753,반포본동,2025-09-18
장애인용 승강기,세화여자고등학교,서울 서초구 반포동 13,반포본동,2025-09-18
장애인용 승강기,세화여자중학교,서울 서초구 반포동 13,반포본동,2025-09-18
장애인용 승강기,센트라빌딩,서울 서초구 서초동 1550-11,서초3동,2025-09-18
장애인용 승강기,소노칸타빌레,서울 서초구 서초동 1563-9,서초3동,2025-09-18
장애인용 승강기,소닉밸류빌딩,서울 서초구 양재동 125-2,양재1동,2025-09-18
장애인용 승강기,소버스빌딩,서울 서초구 방배동 848-11,방배4동,2025-09-18
장애인용 승강기,솔라티움시티 강남,서울 서초구 서초동 1327-34,서초2동,2025-09-18
장애인용 승강기,솔레뉴아파트,서울 서초구 반포동 53-2,반포4동,2025-09-18
장애인용 승강기,솔톤빌딩,서울 서초구 방배동 453-19,방배2동,2025-09-18
장애인용 승강기,송림빌딩,서울 서초구 서초동 1330-14,서초2동,2025-09-18
장애인용 승강기,송암빌딩,서울 서초구 염곡동 300-4,내곡동,2025-09-18
장애인용 승강기,수냐빌딩,서울 서초구 양재동 3-15,양재1동,2025-09-18
장애인용 승강기,수암빌딩,서울 서초구 양재동 66-1,양재1동,2025-09-18
장애인용 승강기,숙명킨더아카데미,서울 서초구 양재동 329-3,양재2동,2025-09-18
장애인용 승강기,스매치서초사옥,서울 서초구 서초동 1703-8,서초3동,2025-09-18
장애인용 승강기,스위트서초,서울 서초구 서초동 1601-6,서초3동,2025-09-18
장애인용 승강기,스카이레이크인베스트먼트,서울 서초구 양재동 3-13,양재1동,2025-09-18
장애인용 승강기,스카이뷰빌딩,서울 서초구 양재동 70,양재1동,2025-09-18
장애인용 승강기,스퀘어가든,서울 서초구 반포동 107-30,반포4동,2025-09-18
장애인용 승강기,스타시드,서울 서초구 서초동 1508-43,서초3동,2025-09-18
장애인용 승강기,승명빌딩,서울 서초구 서초동 1365-1,서초2동,2025-09-18
장애인용 승강기,승보빌딩,서울 서초구 서초동 1716-7,서초3동,2025-09-18
장애인용 승강기,승원아트빌,서울 서초구 방배동 871-2,방배4동,2025-09-18
장애인용 승강기,승정빌딩,서울 서초구 방배동 782-3,방배본동,2025-09-18
장애인용 승강기,시내산교회,서울 서초구 서초동 1355-25,서초2동,2025-09-18
장애인용 승강기,신구노빌리티,서울 서초구 반포동 84-2,반포4동,2025-09-18
장애인용 승강기,신구레베빌 14차,서울 서초구 방배동 845-6,방배4동,2025-09-18
장애인용 승강기,신구블레스밸리아파트,서울 서초구 방배동 1019-3,방배3동,2025-09-18
장애인용 승강기,신논현타워,서울 서초구 반포동 748-4,반포1동,2025-09-18
장애인용 승강기,신덕빌딩,서울 서초구 서초동 1329-7,서초2동,2025-09-18
장애인용 승강기,신동중학교,서울 서초구 잠원동 54-6,잠원동,2025-09-18
장애인용 승강기,신반포교회,서울 서초구 반포동 4-10,반포2동,2025-09-18
장애인용 승강기,신반포중앙하이츠,서울 서초구 반포동 612-4,반포4동,2025-09-18
장애인용 승강기,신반포중학교,서울 서초구 반포동 3-1,반포2동,2025-09-18
장애인용 승강기,신반포청구아파트,서울 서초구 잠원동 63-2,잠원동,2025-09-18
장애인용 승강기,신분당선 양재시민의숲역,서울 서초구 양재동 233-2,양재2동,2025-09-18
장애인용 승강기,신분당선양재역,서울 서초구 서초동 1366-9,양재1동,2025-09-18
장애인용 승강기,신분당선청계산입구역,서울 서초구 신원동 270-25,내곡동,2025-09-18
장애인용 승강기,신사레전드,서울 서초구 잠원동 8-27,잠원동,2025-09-18
장애인용 승강기,신사샤르망S,서울 서초구 잠원동 15-4,잠원동,2025-09-18
장애인용 승강기,신성리더스카운티,서울 서초구 반포동 50-8,반포4동,2025-09-18
장애인용 승강기,신영체르니아파트,서울 서초구 양재동 90,양재1동,2025-09-18
장애인용 승강기,신원동 438-22,서울 서초구 신원동 438-22,내곡동,2025-09-18
장애인용 승강기,신원동233-15,서울 서초구 신원동 233-15,내곡동,2025-09-18
장애인용 승강기,신원동438-8,서울 서초구 신원동 438-8,내곡동,2025-09-18
장애인용 승강기,신청담빌딩,서울 서초구 반포동 52-3,반포4동,2025-09-18
장애인용 승강기,신태양개발,서울 서초구 반포동 736-8,반포1동,2025-09-18
장애인용 승강기,신포빌딩,서울 서초구 서초동 1669-11,서초1동,2025-09-18
장애인용 승강기,신호나이스아파트,서울 서초구 방배동 890-8,방배1동,2025-09-18
장애인용 승강기,심산기념문화센타,서울 서초구 반포동 114-3,반포2동,2025-09-18
장애인용 승강기,쌍동빌딩동관,서울 서초구 반포동 52-1,반포4동,2025-09-18
장애인용 승강기,쌍용예가클래식아파트,서울 서초구 방배동 776-3,방배본동,2025-09-18
장애인용 승강기,써니룩,서울 서초구 양재동 386-22,양재2동,2025-09-18
장애인용 승강기,써밋파크오피스텔,서울 서초구 양재동 11-4,양재1동,2025-09-18
장애인용 승강기,아라타워관리단,서울 서초구 서초동 1317-20,서초4동,2025-09-18
장애인용 승강기,아르젠강남,서울 서초구 서초동 1327-23,서초2동,2025-09-18
장애인용 승강기,아림하우징,서울 서초구 방배동 911-2,방배1동,2025-09-18
장애인용 승강기,아이리스 예당,서울 서초구 서초동 1469-7,서초3동,2025-09-18
장애인용 승강기,아이리스방배,서울 서초구 방배동 902-31,방배1동,2025-09-18
장애인용 승강기,아이리스서초,서울 서초구 서초동 1638-2,서초1동,2025-09-18
장애인용 승강기,아이리스양재,서울 서초구 양재동 65-1,양재1동,2025-09-18
장애인용 승강기,아이센스빌딩,서울 서초구 서초동 1556-2,서초3동,2025-09-18
장애인용 승강기,아이투비산부인과,서울 서초구 방배동 773-17,방배본동,2025-09-18
장애인용 승강기,아이티센빌딩,서울 서초구 서초동 1462-20,서초3동,2025-09-18
장애인용 승강기,아지오타워,서울 서초구 서초동 1481-3,서초3동,2025-09-18
장애인용 승강기,아크로리버뷰신반포,서울 서초구 잠원동 159,반포3동,2025-09-18
장애인용 승강기,아크로비스타,서울 서초구 서초동 1685-3,서초4동,2025-09-18
장애인용 승강기,아크로비스타상가,서울 서초구 서초동 1685-3,서초4동,2025-09-18
장애인용 승강기,아크로텔강남역,서울 서초구 서초동 1337-2,서초2동,2025-09-18
장애인용 승강기,아트빌딩,서울 서초구 서초동 1449-16,서초3동,2025-09-18
장애인용 승강기,알렌빌딩,서울 서초구 방배동 796-10,방배본동,2025-09-18
장애인용 승강기,알루어반포,서울 서초구 반포동 67-3,반포4동,2025-09-18
장애인용 승강기,알파레타,서울 서초구 반포동 550-21,반포4동,2025-09-18
장애인용 승강기,알파레타2차,서울 서초구 반포동 107-41,반포4동,2025-09-18
장애인용 승강기,알파레타3차,서울 서초구 방배동 593-81,방배3동,2025-09-18
장애인용 승강기,알파레타4차,서울 서초구 반포동 107-61,반포4동,2025-09-18
장애인용 승강기,알파레타5차,서울 서초구 방배동 593-101,방배3동,2025-09-18
장애인용 승강기,알파레타6차,서울 서초구 반포동 743-12,반포1동,2025-09-18
장애인용 승강기,양재 하우징,서울 서초구 양재동 258-4,양재2동,2025-09-18
장애인용 승강기,양재2동주민센터,서울 서초구 양재동 323-1,양재2동,2025-09-18
장애인용 승강기,양재고등학교,서울 서초구 서초동 1376-4,서초2동,2025-09-18
장애인용 승강기,양재공영주차장,서울 서초구 양재동 90-2,양재1동,2025-09-18
장애인용 승강기,양재근린공원지하주차장,서울 서초구 양재동 399-1,양재2동,2025-09-18
장애인용 승강기,양재느티나무쉼터,서울 서초구 양재동 7-32,양재1동,2025-09-18
장애인용 승강기,양재더 힐,서울 서초구 양재동 8-23,양재1동,2025-09-18
장애인용 승강기,양재도서관,서울 서초구 양재동 236,양재2동,2025-09-18
장애인용 승강기,양재동 333-14,서울 서초구 양재동 333-14,양재2동,2025-09-18
장애인용 승강기,양재동 삼성베스트빌,서울 서초구 양재동 362,양재2동,2025-09-18
장애인용 승강기,양재동11-12,서울 서초구 양재동 11-12,양재1동,2025-09-18
장애인용 승강기,양재동빌딩,서울 서초구 양재동 125-7,양재1동,2025-09-18
장애인용 승강기,양재동시그마아파트,서울 서초구 양재동 302,양재2동,2025-09-18
장애인용 승강기,양재동우체국,서울 서초구 양재동 1-1,양재1동,2025-09-18
장애인용 승강기,양재리본타워1단지아파트,서울 서초구 양재동 102,양재1동,2025-09-18
장애인용 승강기,양재리본타워2단지아파트,서울 서초구 양재동 212,양재2동,2025-09-18
장애인용 승강기,양재유치원,서울 서초구 양재동 138,양재1동,2025-09-18
장애인용 승강기,양재종합사회복지관,서울 서초구 양재동 11-13,양재1동,2025-09-18
장애인용 승강기,양재주차장,서울 서초구 양재동 23,양재1동,2025-09-18
장애인용 승강기,양재파크뷰,서울 서초구 양재동 8-37,양재1동,2025-09-18
장애인용 승강기,양재파크뷰아파트,서울 서초구 양재동 8-37,양재1동,2025-09-18
장애인용 승강기,양지파크타운,서울 서초구 양재동 272-9,양재2동,2025-09-18
장애인용 승강기,어반플레이스,서울 서초구 서초동 1337-3,서초2동,2025-09-18
장애인용 승강기,어반하이,서울 서초구 서초동 1601-10,서초3동,2025-09-18
장애인용 승강기,어퍼하우스 3차,서울 서초구 반포동 612-34,반포4동,2025-09-18
장애인용 승강기,언남중학교,서울 서초구 양재동 310,양재2동,2025-09-18
장애인용 승강기,에이치와이빌딩,서울 서초구 잠원동 28-10,잠원동,2025-09-18
장애인용 승강기,에지앙아파트,서울 서초구 서초동 1679-6,서초1동,2025-09-18
장애인용 승강기,에피소드 강남 262,서울 서초구 서초동 1339-9,서초2동,2025-09-18
장애인용 승강기,에피소드 서초393,서울 서초구 서초동 1338-5,서초2동,2025-09-18
장애인용 승강기,엔데버빌딩,서울 서초구 서초동 1330-3,서초2동,2025-09-18
장애인용 승강기,엔스빌딩,서울 서초구 양재동 14-1,양재1동,2025-09-18
장애인용 승강기,엘렌타워,서울 서초구 서초동 1574-10,서초3동,2025-09-18
장애인용 승강기,엘루크,서울 서초구 방배동 911-22,방배1동,2025-09-18
장애인용 승강기,엘리시아서리풀 3차,서울 서초구 방배동 805-8,방배4동,2025-09-18
장애인용 승강기,엘리시아서리풀4차,서울 서초구 방배동 843-7,방배4동,2025-09-18
장애인용 승강기,엘에이치서초5단지아파트,서울 서초구 우면동 789,양재1동,2025-09-18
장애인용 승강기,엘지서초에클라트,서울 서초구 서초동 1599-2,서초3동,2025-09-18
장애인용 승강기,엘프에스토740,서울 서초구 방배동 740,방배본동,2025-09-18
장애인용 승강기,엠빌리지,서울 서초구 방배동 830-15,방배4동,2025-09-18
장애인용 승강기,여이레하우스,서울 서초구 방배동 896-12,방배1동,2025-09-18
장애인용 승강기,연담루양재,서울 서초구 양재동 397-9,양재2동,2025-09-18
장애인용 승강기,연세사랑병원,서울 서초구 방배동 488-6,방배3동,2025-09-18
장애인용 승강기,염곡동215-3,서울 서초구 염곡동 215-3,내곡동,2025-09-18
장애인용 승강기,영신빌딩,서울 서초구 서초동 1304-2,서초4동,2025-09-18
장애인용 승강기,영일교회,서울 서초구 양재동 9-49,양재1동,2025-09-18
장애인용 승강기,영일빌딩,서울 서초구 서초동 1429-4,서초1동,2025-09-18
장애인용 승강기,영현홈,서울 서초구 서초동 1665-1,서초1동,2025-09-18
장애인용 승강기,예명대학원대학교,서울 서초구 서초동 1434-5,서초1동,2025-09-18
장애인용 승강기,예술의전당,서울 서초구 서초동 700,서초3동,2025-09-18
장애인용 승강기,예원빌딩,서울 서초구 양재동 75-1,양재1동,2025-09-18
장애인용 승강기,오리엔트빌,서울 서초구 방배동 794-28,방배본동,2025-09-18
장애인용 승강기,오버맨,서울 서초구 반포동 724-37,반포1동,2025-09-18
장애인용 승강기,오클라우드호텔,서울 서초구 서초동 1303-14,서초4동,2025-09-18
장애인용 승강기,옥스포드빌,서울 서초구 서초동 1514-6,서초3동,2025-09-18
장애인용 승강기,온무리교회,서울 서초구 양재동 2-33,양재1동,2025-09-18
장애인용 승강기,외교부국립외교원,서울 서초구 서초동 1376-2,서초2동,2025-09-18
장애인용 승강기,요단빌딩,서울 서초구 서초동 1570-4,서초3동,2025-09-18
장애인용 승강기,용마일렉트로닉스,서울 서초구 잠원동 31-21,잠원동,2025-09-18
장애인용 승강기,용진빌딩,서울 서초구 방배동 439-5,방배2동,2025-09-18
장애인용 승강기,우광빌딩,서울 서초구 양재동 80-4,양재1동,2025-09-18
장애인용 승강기,우면동교회,서울 서초구 우면동 693,양재1동,2025-09-18
장애인용 승강기,우면동신애교회,서울 서초구 우면동 68,양재1동,2025-09-18
장애인용 승강기,우면종합사회복지관,서울 서초구 우면동 6-1,양재1동,2025-09-18
장애인용 승강기,우면파크빌,서울 서초구 우면동 3-1,양재1동,2025-09-18
장애인용 승강기,우면프라자1,서울 서초구 우면동 721-1,양재1동,2025-09-18
장애인용 승강기,우송빌딩,서울 서초구 서초동 1709-5,서초3동,2025-09-18
장애인용 승강기,우신1549,서울 서초구 서초동 1549-4,서초3동,2025-09-18
장애인용 승강기,우신1557빌딩,서울 서초구 서초동 1557-6,서초3동,2025-09-18
장애인용 승강기,우영빌딩,서울 서초구 서초동 1330-13,서초2동,2025-09-18
장애인용 승강기,우제빌딩,서울 서초구 서초동 1538-2,서초3동,2025-09-18
장애인용 승강기,웅진타워,서울 서초구 서초동 1573-14,서초3동,2025-09-18
장애인용 승강기,원베일리,서울 서초구 반포동 1-1,반포2동,2025-09-18
장애인용 승강기,원진빌딩,서울 서초구 서초동 1626-2,서초1동,2025-09-18
장애인용 승강기,원촌중학교,서울 서초구 반포동 22,반포1동,2025-09-18
장애인용 승강기,위니드펠리체,서울 서초구 방배동 793-15,방배본동,2025-09-18
장애인용 승강기,위미르빌,서울 서초구 양재동 384-3,양재2동,2025-09-18
장애인용 승강기,윈저빌,서울 서초구 방배동 806-5,방배4동,2025-09-18
장애인용 승강기,유니빌,서울 서초구 서초동 1523-8,서초3동,2025-09-18
장애인용 승강기,유중에셋,서울 서초구 방배동 837-15,방배4동,2025-09-18
장애인용 승강기,유화빌딩,서울 서초구 서초동 1305-2,서초4동,2025-09-18
장애인용 승강기,융성빌딩,서울 서초구 방배동 796-9,방배본동,2025-09-18
장애인용 승강기,은곡빌딩,서울 서초구 서초동 1708-5,서초3동,2025-09-18
장애인용 승강기,이건목원리 한방병원,서울 서초구 방배동 765-28,방배본동,2025-09-18
장애인용 승강기,이레오피스텔,서울 서초구 서초동 1574-4,서초3동,2025-09-18
장애인용 승강기,이미지업빌딩,서울 서초구 잠원동 19-7,잠원동,2025-09-18
장애인용 승강기,이수 초석빌딩,서울 서초구 방배동 421-3,방배2동,2025-09-18
장애인용 승강기,이수중앙교회,서울 서초구 방배동 512-5,방배2동,2025-09-18
장애인용 승강기,이수중학교,서울 서초구 방배동 974-22,방배2동,2025-09-18
장애인용 승강기,이수초등학교,서울 서초구 방배동 468-6,방배2동,2025-09-18
장애인용 승강기,이수파이브,서울 서초구 방배동 1715,방배2동,2025-09-18
장애인용 승강기,인랜드아파트,서울 서초구 양재동 363-3,양재2동,2025-09-18
장애인용 승강기,인산빌딩,서울 서초구 서초동 1605-9,서초1동,2025-09-18
장애인용 승강기,인산타워,서울 서초구 방배동 3005,방배2동,2025-09-18
장애인용 승강기,인앤인 오피스,서울 서초구 서초동 1673-1,서초1동,2025-09-18
장애인용 승강기,인터아이빌딩,서울 서초구 서초동 1626-17,서초1동,2025-09-18
장애인용 승강기,일석빌딩,서울 서초구 서초동 1344-21,서초2동,2025-09-18
장애인용 승강기,일이타워,서울 서초구 서초동 1672-9,서초1동,2025-09-18
장애인용 승강기,임이석테마피부과 빌딩,서울 서초구 잠원동 19-8,잠원동,2025-09-18
장애인용 승강기,자강빌딩,서울 서초구 양재동 2-20,양재1동,2025-09-18
장애인용 승강기,자스민호텔,서울 서초구 서초동 1595-5,서초3동,2025-09-18
장애인용 승강기,자연누리오피스텔,서울 서초구 신원동 662,내곡동,2025-09-18
장애인용 승강기,자현유하우스,서울 서초구 방배동 940-4,방배1동,2025-09-18
장애인용 승강기,잠원CJ빌리지,서울 서초구 잠원동 63,잠원동,2025-09-18
장애인용 승강기,잠원동 34-22,서울 서초구 잠원동 34-22,잠원동,2025-09-18
장애인용 승강기,잠원동 카일룸,서울 서초구 잠원동 49-7,잠원동,2025-09-18
장애인용 승강기,잠원동19-2,서울 서초구 잠원동 19-2,잠원동,2025-09-18
장애인용 승강기,잠원동K타워,서울 서초구 잠원동 12-25,잠원동,2025-09-18
장애인용 승강기,잠원동삼덕빌딩,서울 서초구 잠원동 41-11,잠원동,2025-09-18
장애인용 승강기,잠원동아아파트,서울 서초구 잠원동 157,반포3동,2025-09-18
장애인용 승강기,잠원두산위브APT,서울 서초구 서초동 1310-4,서초4동,2025-09-18
장애인용 승강기,잠원시티아파트,서울 서초구 잠원동 71-8,반포3동,2025-09-18
장애인용 승강기,잠원아이비아파트,서울 서초구 잠원동 34-1,잠원동,2025-09-18
장애인용 승강기,잠원월드메르디앙아파트,서울 서초구 잠원동 33-11,잠원동,2025-09-18
장애인용 승강기,잠원초등학교,서울 서초구 반포동 17,반포2동,2025-09-18
장애인용 승강기,잠원트루빌아파트,서울 서초구 잠원동 33-7,잠원동,2025-09-18
장애인용 승강기,재오스빌딩,서울 서초구 양재동 87-8,양재1동,2025-09-18
장애인용 승강기,재우빌딩,서울 서초구 서초동 1597-4,서초3동,2025-09-18
장애인용 승강기,정토사회문화회관,서울 서초구 서초동 1591-1,서초3동,2025-09-18
장애인용 승강기,제니엘빌딩,서울 서초구 서초동 1342-3,서초2동,2025-09-18
장애인용 승강기,제이디파크빌,서울 서초구 서초동 1490-20,서초3동,2025-09-18
장애인용 승강기,제이원타워 방배,서울 서초구 방배동 850-11,방배4동,2025-09-18
장애인용 승강기,제이프러스빌딩,서울 서초구 양재동 16-13,양재1동,2025-09-18
장애인용 승강기,주류성빌딩,서울 서초구 서초동 1305-5,서초4동,2025-09-18
장애인용 승강기,주심빌딩,서울 서초구 방배동 1015,방배3동,2025-09-18
장애인용 승강기,주일빌딩,서울 서초구 잠원동 39-13,잠원동,2025-09-18
장애인용 승강기,주호빌딩,서울 서초구 반포동 49-4,반포4동,2025-09-18
장애인용 승강기,중앙잠원하이츠아파트B동,서울 서초구 잠원동 71-17,반포3동,2025-09-18
장애인용 승강기,지에스방배아트자이,서울 서초구 방배동 3278,방배3동,2025-09-18
장애인용 승강기,지오지안방배,서울 서초구 방배동 751-11,방배본동,2025-09-18
장애인용 승강기,지온빌딩,서울 서초구 서초동 1564-13,서초3동,2025-09-18
장애인용 승강기,지젤시그니티서초,서울 서초구 서초동 1572-7,서초3동,2025-09-18
장애인용 승강기,지파이브센트럴프라자,서울 서초구 서초동 1685-8,서초4동,2025-09-18
장애인용 승강기,진우빌딩,서울 서초구 방배동 883-8,방배1동,2025-09-18
장애인용 승강기,진정빌딩,서울 서초구 양재동 70-1,양재1동,2025-09-18
장애인용 승강기,차움빌딩,서울 서초구 방배동 914-7,방배1동,2025-09-18
장애인용 승강기,참포도나무병원,서울 서초구 양재동 20-7,양재1동,2025-09-18
장애인용 승강기,창신교회,서울 서초구 서초동 1611-10,서초1동,2025-09-18
장애인용 승강기,창영빌딩,서울 서초구 서초동 1556-1,서초3동,2025-09-18
장애인용 승강기,천주교반포4동성당,서울 서초구 반포동 47-1,반포4동,2025-09-18
장애인용 승강기,청광아트빌14차,서울 서초구 방배동 482-4,방배3동,2025-09-18
장애인용 승강기,청권빌딩,서울 서초구 방배동 908-15,방배1동,2025-09-18
장애인용 승강기,청향빌딩,서울 서초구 서초동 1695-1,서초4동,2025-09-18
장애인용 승강기,청화오피스텔,서울 서초구 서초동 1339-7,서초2동,2025-09-18
장애인용 승강기,초원현대아파트,서울 서초구 서초동 1444-3,서초1동,2025-09-18
장애인용 승강기,최상산부인과,서울 서초구 서초동 1688-3,서초4동,2025-09-18
장애인용 승강기,케이아이타워,서울 서초구 서초동 1309-8,서초4동,2025-09-18
장애인용 승강기,코너스톤서울아카데미,서울 서초구 양재동 315-1,양재2동,2025-09-18
장애인용 승강기,코스모빌딩,서울 서초구 서초동 1534-5,서초3동,2025-09-18
장애인용 승강기,코웰빌딩,서울 서초구 반포동 66-1,반포4동,2025-09-18
장애인용 승강기,코트빌,서울 서초구 방배동 804-9,방배4동,2025-09-18
장애인용 승강기,큐브플러스오피스텔,서울 서초구 서초동 1598-1,서초3동,2025-09-18
장애인용 승강기,크란츠빌딩,서울 서초구 서초동 1656-13,서초1동,2025-09-18
장애인용 승강기,크로바타워,서울 서초구 서초동 1688-1,서초4동,2025-09-18
장애인용 승강기,크로스143타워,서울 서초구 서초동 1332-4,서초2동,2025-09-18
장애인용 승강기,타미야빌딩,서울 서초구 양재동 4-16,양재1동,2025-09-18
장애인용 승강기,탑스벤쳐타워,서울 서초구 서초동 1591-3,서초3동,2025-09-18
장애인용 승강기,태우빌딩,서울 서초구 서초동 1357-10,서초2동,2025-09-18
장애인용 승강기,태평아트아파트,서울 서초구 반포동 701-59,반포1동,2025-09-18
장애인용 승강기,텔코웨어주식회사,서울 서초구 서초동 1708-2,서초3동,2025-09-18
장애인용 승강기,토니모리빌딩,서울 서초구 서초동 1365-23,서초2동,2025-09-18
장애인용 승강기,트라이랜드빌딩,서울 서초구 서초동 1303-36,서초4동,2025-09-18
장애인용 승강기,파고다타워,서울 서초구 서초동 1306-6,서초4동,2025-09-18
장애인용 승강기,파라디아골드오피스텔,서울 서초구 서초동 1338-8,서초2동,2025-09-18
장애인용 승강기,파빌리온아파트,서울 서초구 양재동 402-6,양재2동,2025-09-18
장애인용 승강기,파스텔시티,서울 서초구 방배동 444-3,방배2동,2025-09-18
장애인용 승강기,파이원빌딩,서울 서초구 서초동 1359-46,서초2동,2025-09-18
장애인용 승강기,파크254,서울 서초구 양재동 254,양재2동,2025-09-18
장애인용 승강기,파크빌딩,서울 서초구 서초동 1500-10,서초3동,2025-09-18
장애인용 승강기,파크센터,서울 서초구 양재동 90-7,양재1동,2025-09-18
장애인용 승강기,판테옹,서울 서초구 방배동 841-2,방배4동,2025-09-18
장애인용 승강기,팔라디오아파트,서울 서초구 반포동 551,반포4동,2025-09-18
장애인용 승강기,팬타트럼,서울 서초구 서초동 1546-5,서초3동,2025-09-18
장애인용 승강기,페이토플라자,서울 서초구 잠원동 37-1,잠원동,2025-09-18
장애인용 승강기,펜타타워,서울 서초구 서초동 1302-36,서초4동,2025-09-18
장애인용 승강기,펜타트럼,서울 서초구 서초동 1546-5,서초3동,2025-09-18
장애인용 승강기,포레933빌딩,서울 서초구 반포동 93-3,반포4동,2025-09-18
장애인용 승강기,포엠아이,서울 서초구 양재동 316-4,양재2동,2025-09-18
장애인용 승강기,포이동성당,서울 서초구 양재동 396-2,양재2동,2025-09-18
장애인용 승강기,풍림아이원매직오피스텔,서울 서초구 서초동 1321-9,서초2동,2025-09-18
장애인용 승강기,프라하임아파트,서울 서초구 방배동 978-2,방배2동,2025-09-18
장애인용 승강기,프레스턴,서울 서초구 방배동 828-14,방배4동,2025-09-18
장애인용 승강기,프렌닥터,서울 서초구 양재동 13-9,양재1동,2025-09-18
장애인용 승강기,프로비스타호텔,서울 서초구 서초동 1677-8,서초1동,2025-09-18
장애인용 승강기,프로빌딩,서울 서초구 잠원동 38-13,잠원동,2025-09-18
장애인용 승강기,프린스타워,서울 서초구 반포동 707-11,반포1동,2025-09-18
장애인용 승강기,프린스효령빌딩,서울 서초구 방배동 984-3,방배3동,2025-09-18
장애인용 승강기,피렌체빌딩,서울 서초구 서초동 1307-18,서초4동,2025-09-18
장애인용 승강기,피카소빌(B동),서울 서초구 반포동 79-5,반포4동,2025-09-18
장애인용 승강기,하나푸르니반포어린이집,서울 서초구 반포동 53-6,반포4동,2025-09-18
장애인용 승강기,하모니빌라트,서울 서초구 방배동 916-29,방배1동,2025-09-18
장애인용 승강기,하우징허브 오렌지2,서울 서초구 양재동 265-8,양재2동,2025-09-18
장애인용 승강기,하이디하우스,서울 서초구 우면동 671,양재1동,2025-09-18
장애인용 승강기,하이브타워,서울 서초구 반포동 746-2,반포1동,2025-09-18
장애인용 승강기,학술원사무국,서울 서초구 반포동 산 94-4,반포4동,2025-09-18
장애인용 승강기,한국부동산원 서울강남지사,서울 서초구 서초동 1354-5,서초2동,2025-09-18
장애인용 승강기,한국사회복지공제회관,서울 서초구 반포동 706-10,반포1동,2025-09-18
장애인용 승강기,한국산업기술진흥협회,서울 서초구 양재동 20-17,양재1동,2025-09-18
장애인용 승강기,한국상담대학원대학교,서울 서초구 서초동 1437-1,서초1동,2025-09-18
장애인용 승강기,한국세무사회,서울 서초구 서초동 1497-16,서초3동,2025-09-18
장애인용 승강기,한국식품산업협회,서울 서초구 방배동 1002-6,서초3동,2025-09-18
장애인용 승강기,한국지방세연구원빌딩,서울 서초구 양재동 231,양재2동,2025-09-18
장애인용 승강기,한국콜마종합기술원,서울 서초구 내곡동 147,내곡동,2025-09-18
장애인용 승강기,한라비발디스튜디오193,서울 서초구 서초동 1363-25,서초2동,2025-09-18
장애인용 승강기,한별1,서울 서초구 양재동 391-15,양재2동,2025-09-18
장애인용 승강기,한빛위너스,서울 서초구 서초동 1558-4,서초3동,2025-09-18
장애인용 승강기,한샘빌딩,서울 서초구 방배동 757-1,방배본동,2025-09-18
장애인용 승강기,한성모터타워,서울 서초구 방배동 935-42,방배1동,2025-09-18
장애인용 승강기,한성벤츠자동차서비스센터,서울 서초구 양재동 5-3,양재1동,2025-09-18
장애인용 승강기,한솔빌딩,서울 서초구 서초동 1621-3,서초1동,2025-09-18
장애인용 승강기,한승아스트라,서울 서초구 서초동 1554-5,서초3동,2025-09-18
장애인용 승강기,한승아스트라II,서울 서초구 서초동 1713-1,서초3동,2025-09-18
장애인용 승강기,한신트리플상가,서울 서초구 방배동 816-1,방배4동,2025-09-18
장애인용 승강기,한아름빌딩,서울 서초구 양재동 333-5,양재2동,2025-09-18
장애인용 승강기,한울빌딩,서울 서초구 서초동 1685-10,서초4동,2025-09-18
장애인용 승강기,한원빌딩신관,서울 서초구 서초동 1449-10,서초3동,2025-09-18
장애인용 승강기,한일시멘트,서울 서초구 서초동 1587,서초3동,2025-09-18
장애인용 승강기,한일인텔빌라,서울 서초구 양재동 66-3,양재1동,2025-09-18
장애인용 승강기,한전아트센터,서울 서초구 서초동 1355,서초2동,2025-09-18
장애인용 승강기,한화생명서초사옥,서울 서초구 서초동 1338-12,서초2동,2025-09-18
장애인용 승강기,해청3차아파트,서울 서초구 양재동 15-12,양재1동,2025-09-18
장애인용 승강기,해청파인빌,서울 서초구 양재동 19-1,양재1동,2025-09-18
장애인용 승강기,행복빌딩,서울 서초구 양재동 13-11,양재1동,2025-09-18
장애인용 승강기,향천빌딩,서울 서초구 양재동 82,양재1동,2025-09-18
장애인용 승강기,허스트빌,서울 서초구 방배동 804-8,방배4동,2025-09-18
장애인용 승강기,헤센파크힐,서울 서초구 서초동 1633-4,서초1동,2025-09-18
장애인용 승강기,현대성우주상복합아파트,서울 서초구 서초동 1316-15,서초4동,2025-09-18
장애인용 승강기,현대실크빌라트,서울 서초구 잠원동 62-6,잠원동,2025-09-18
장애인용 승강기,현대썬앤빌강남더인피닛,서울 서초구 서초동 1303-6,서초4동,2025-09-18
장애인용 승강기,현대아르빌,서울 서초구 방배동 459-1,방배2동,2025-09-18
장애인용 승강기,현대양재어린이집,서울 서초구 염곡동 106-1,내곡동,2025-09-18
장애인용 승강기,현대오페라하우스2차,서울 서초구 방배동 823-14,방배4동,2025-09-18
장애인용 승강기,현대임페리움아파트,서울 서초구 서초동 1631-8,서초1동,2025-09-18
장애인용 승강기,현대자동차본사사옥,서울 서초구 서초동 1365-22,서초2동,2025-09-18
장애인용 승강기,현대클리닉빌딩,서울 서초구 방배동 774,방배본동,2025-09-18
장애인용 승강기,현대타운B동,서울 서초구 양재동 16-19,양재1동,2025-09-18
장애인용 승강기,현대테라하임 102동,서울 서초구 양재동 11-74,양재1동,2025-09-18
장애인용 승강기,현대테라하임101동,서울 서초구 양재동 11-120,양재1동,2025-09-18
장애인용 승강기,현도빌라트IV,서울 서초구 방배동 914-3,방배1동,2025-09-18
장애인용 승강기,형일빌딩,서울 서초구 서초동 1444-14,서초1동,2025-09-18
장애인용 승강기,형지파크,서울 서초구 양재동 395-4,양재2동,2025-09-18
장애인용 승강기,형촌프라자,서울 서초구 우면동 686-2,양재1동,2025-09-18
장애인용 승강기,혜성포레스빌,서울 서초구 양재동 384-2,양재2동,2025-09-18
장애인용 승강기,혜인빌딩,서울 서초구 양재동 392-6,양재2동,2025-09-18
장애인용 승강기,혜준빌딩,서울 서초구 서초동 1425-11,서초1동,2025-09-18
장애인용 승강기,호반파크1관,서울 서초구 우면동 782,양재1동,2025-09-18
장애인용 승강기,호반파크2관,서울 서초구 우면동 786,양재1동,2025-09-18
장애인용 승강기,호서벤처대학원,서울 서초구 서초동 1422-7,서초1동,2025-09-18
장애인용 승강기,홍우제2빌딩,서울 서초구 서초동 1327-1,서초2동,2025-09-18
장애인용 승강기,화련회관,서울 서초구 방배동 753-6,방배본동,2025-09-18
장애인용 승강기,화원그랑빌,서울 서초구 서초동 1510-15,서초3동,2025-09-18
장애인용 승강기,황금빌딩,서울 서초구 방배동 883-6,방배1동,2025-09-18
장애인용 승강기,황실자이아파트,서울 서초구 방배동 883-9,방배1동,2025-09-18
장애인용 승강기,효봉8빌딩,서울 서초구 서초동 1425-9,서초1동,2025-09-18
장애인용 승강기,효산빌라트,서울 서초구 방배동 878-26,방배4동,2025-09-18
장애인용 승강기,효성빌라26동,서울 서초구 반포동 551-42,반포4동,2025-09-18
장애인용 승강기,효찬빌딩,서울 서초구 방배동 895-16,방배1동,2025-09-18
장애인용 승강기,훈민타워,서울 서초구 서초동 1574-15,서초3동,2025-09-18
장애인용 승강기,휴먼빌딩2,서울 서초구 방배동 907-5,방배1동,2025-09-18
장애인용 승강기,휴먼시티아파트,서울 서초구 양재동 402-15,양재2동,2025-09-18
장애인용 승강기,휴앤빌,서울 서초구 양재동 263-13,양재2동,2025-09-18
장애인용 승강기,휴플러스,서울 서초구 양재동 375-3,양재2동,2025-09-18
장애인용 승강기,희경빌딩,서울 서초구 양재동 205-2,양재2동,2025-09-18
장애인용 승강기,희성빌딩,서울 서초구 서초동 1694-10,서초4동,2025-09-18
장애인용 승강기,희오빌딩,서울 서초구 방배동 777-17,방배본동,2025-09-18
장애인용 승강기,흰물결빌딩,서울 서초구 서초동 1720-8,서초3동,2025-09-18
장애인용 승강기,힐스나인빌리지,서울 서초구 방배동 799-5,방배4동,2025-09-18
장애인용 승강기,힐스테이트서리풀아파트(마제스타시티),서울 서초구 서초동 1498-5,서초3동,2025-09-18
장애인용 승강기,힐스테이트서초젠트리스,서울 서초구 신원동 412-1,내곡동,2025-09-18
휠체어 충전소,서초구청,서울특별시 서초구 서초동 1376-3,서초2동,2025-09-18
휠체어 충전소,양재2동주민센터,서울특별시 서초구 양재동 323-1,양재2동,2025-09-18
휠체어 충전소,내곡열린문화센터,서울특별시 서초구 신원동 627,내곡동,2025-09-18
휠체어 충전소,한우리보장구수리센터,서울특별시 서초구 서초동 380,서초1동,2025-09-18
휠체어 충전소,중앙노인종합복지관,서울특별시 서초구 서초동 1666-17,서초1동,2025-09-18
휠체어 충전소,사랑의 복지관,서울특별시 서초구 서초동 1310-10,서초4동,2025-09-18
휠체어 충전소,우면종합사회복지관 별관,서울특별시 서초구 우면동 68-1,양재1동,2025-09-18
휠체어 충전소,서초역 2호선,서울특별시 서초구 서초동 1748-5,서초3동,2025-09-18
휠체어 충전소,사당역 2호선,서울특별시 서초구 방배동 504-1,방배2동,2025-09-18
휠체어 충전소,잠원역 3호선,서울특별시 서초구 잠원동 100-1,잠원동,2025-09-18
휠체어 충전소,이수역 7호선,서울특별시 서초구 방배동 1675,방배4동,2025-09-18
휠체어 충전소,내방역 7호선,서울특별시 서초구 방배동 874-16,방배1동,2025-09-18
휠체어 충전소,반포역 7호선,서울특별시 서초구 잠원동 103,반포1동,2025-09-18
휠체어 충전소,논현역 7호선,서울특별시 서초구 논현동 280,잠원동,2025-09-18
휠체어 충전소,고속터미널역 7호선,서울특별시 서초구 반포동 128-4,반포4동,2025-09-18
휠체어 충전소,고속터미널역 9호선,서울특별시 서초구 잠원동 75-24,반포3동,2025-09-18
휠체어 충전소,경부선 고속버스터미널,서울특별시 서초구 반포동 19-4,반포4동,2025-09-18
휠체어 충전소,센트럴시티 고속버스터미널,서울특별시 서초구 반포동 19-3,반포4동,2025-09-18
휠체어 충전소,예술의전당,서울특별시 서초구 서초동 127-63,서초3동,2025-09-18
휠체어 충전소,서초문화예술회관,서울특별시 서초구 양재동 25,양재1동,2025-09-18
휠체어 충전소,서울성모병원,서울특별시 서초구 반포동 505,반포4동,2025-09-18
휠체어 충전소,우면주공아파트,서울특별시 서초구 우면동 63,양재1동,2025-09-18
장애인 주차장,반포복개천,서울특별시 서초구 반포동 57-1,반포4동,2025-09-18
장애인 주차장,방배복개도로 제1지역,서울특별시 서초구 방배동 493-3,방배2동,2025-09-18
장애인 주차장,방배복개도로 제2지역,서울특별시 서초구 방배동 493-5,방배2동,2025-09-18
장애인 주차장,방배중앙로,서울특별시 서초구 방배동 760-3,방배본동,2025-09-18
장애인 주차장,법원입구도로,서울특별시 서초구 서초동 1711-2,방배본동,2025-09-18
장애인 주차장,교대역동측,서울특별시 서초구 서초동 1673-7,서초1동,2025-09-18
장애인 주차장,매헌시민의숲동측,서울특별시 서초구 양재동 237,양재2동,2025-09-18
장애인 주차장,청계산근린광장,서울특별시 서초구 원지동 361-5,서초3동,2025-09-18
장애인 주차장,청계산청룡,서울특별시 서초구 신원동 224-3,서초1동,2025-09-18
장애인 주차장,언구비,서울특별시 서초구 반포동 741-3,양재2동,2025-09-18
장애인 주차장,반포 둥근마을,서울특별시 서초구 반포동 49-8,양재2동,2025-09-18
장애인 주차장,이수(방배카페골목),서울특별시 서초구 방배동 761-3,방배본동,2025-09-18
장애인 주차장,동산마을,서울특별시 서초구 양재동 370-5,내곡동,2025-09-18
장애인 주차장,구룡공원,서울특별시 서초구 양재동 399,반포1동,2025-09-18
장애인 주차장,반포동 방음언덕형,서울특별시 서초구 반포동 730,반포4동,2025-09-18
장애인 주차장,서래마을,서울특별시 서초구 반포동 90-7,방배본동,2025-09-18
장애인 주차장,언남문화체육센터,서울특별시 서초구 양재동 309,양재2동,2025-09-18
장애인 주차장,무궁화,서울특별시 서초구 서초동 1666-17,양재2동,2025-09-18
장애인 주차장,잠원동 방음언덕형,서울특별시 서초구 잠원동 10-33,반포1동,2025-09-18
장애인 주차장,반포2동,서울특별시 서초구 반포동 5-1,반포4동,2025-09-18
장애인 주차장,반포4동 주민센터,서울특별시 서초구 반포동 74-7,양재2동,2025-09-18
장애인 주차장,방배열린문화센터,서울특별시 서초구 방배동 852-14,서초1동,2025-09-18
장애인 주차장,양재2동주민센터,서울특별시 서초구 양재동 323-1,잠원동,2025-09-18
장애인 주차장,방배1동,서울특별시 서초구 방배동 328-1,반포2동,2025-09-18
장애인 주차장,양재근린공원,서울특별시 서초구 양재동 311,반포4동,2025-09-18
장애인 주차장,매헌시민의숲(매헌)역,서울특별시 서초구 양재동 237-2,방배4동,2025-09-18
장애인 주차장,중앙로,서울특별시 서초구 방배동 977-17,양재2동,2025-09-18
장애인 주차장,내곡동,서울특별시 서초구 신원동 282,방배1동,2025-09-18
장애인 주차장,양재,서울특별시 서초구 양재동 90-2,양재2동,2025-09-18
장애인 주차장,에피소드 강남 262,서울특별시 서초구 서초동 1339-9,서초2동,2025-09-18
장애인 주차장,이니셜타워 I,서울특별시 서초구 반포동 737-10,반포1동,2025-09-18
장애인 주차장,페이토,서울특별시 서초구 잠원동 37-1,잠원동,2025-09-18
장애인 주차장,멀버리힐스,서울특별시 서초구 잠원동 27-2,잠원동,2025-09-18
장애인 주차장,에피소드 서초 393,서울특별시 서초구 서초동 1338-5,서초2동,2025-09-18
장애인 주차장,지움,서울특별시 서초구 양재동 365-12,양재2동,2025-09-18
장애인 주차장,서초구립반포도서관,서울특별시 서초구 반포동 32-12,반포1동,2025-09-18
장애인 주차장,서원초등학교 교사2동,서울특별시 서초구 반포동 30-8,반포1동,2025-09-18
장애인 주차장,반포써밋,서울특별시 서초구 반포동 1342,반포1동,2025-09-18
장애인 주차장,도요빌딩,서울특별시 서초구 서초동 1424-1,서초1동,2025-09-18
장애인 주차장,서초 에르스떼,서울특별시 서초구 서초동 1428-4,서초1동,2025-09-18
장애인 주차장,서도휴빌101동,서울특별시 서초구 방배동 792-17,방배본동,2025-09-18
장애인 주차장,서초브래뉴,서울특별시 서초구 방배동 768-11,방배본동,2025-09-18
장애인 주차장,반포스테이 3차 리버 뷰,서울특별시 서초구 방배동 750-9,방배본동,2025-09-18
장애인 주차장,방배본동 주민자치센터,서울특별시 서초구 방배동 774-9,방배본동,2025-09-18
장애인 주차장,방배하이빌9차,서울특별시 서초구 방배동 807-1,방배4동,2025-09-18
장애인 주차장,지브 희담재,서울특별시 서초구 방배동 808-3,방배4동,2025-09-18
장애인 주차장,반포 아르테,서울특별시 서초구 방배동 738,방배본동,2025-09-18
장애인 주차장,방배하이빌 101동,서울특별시 서초구 방배동 803-6,방배4동,2025-09-18
장애인 주차장,소보루,서울특별시 서초구 양재동 373-3,양재2동,2025-09-18
장애인 주차장,양재동 삼성베스트빌,서울특별시 서초구 양재동 379,양재2동,2025-09-18
장애인 주차장,한별1,서울특별시 서초구 양재동 391-15,양재2동,2025-09-18
장애인 주차장,아비체Ⅳ,서울특별시 서초구 양재동 391-6,양재2동,2025-09-18
장애인 주차장,써니룩,서울특별시 서초구 양재동 386-22,양재2동,2025-09-18
장애인 주차장,마이플레이스 양재,서울특별시 서초구 양재동 300-15,양재2동,2025-09-18
장애인 주차장,양재동 263-5 근린생활시설 (이준규),서울특별시 서초구 양재동 263-5,양재2동,2025-09-18
장애인 주차장,NK빌딩,서울특별시 서초구 서초동 1496-30,서초3동,2025-09-18
장애인 주차장,루컴즈힐 서리풀,서울특별시 서초구 서초동 1496-6,서초3동,2025-09-18
장애인 주차장,제이디파크빌,서울특별시 서초구 서초동 1490-20,서초3동,2025-09-18
장애인 주차장,방배아트자이,서울특별시 서초구 방배동 3278,방배3동,2025-09-18
장애인 주차장,양재느티나무쉼터,서울특별시 서초구 양재동 7-32,양재1동,2025-09-18
장애인 주차장,의원·치과의원·한의원·조산소·산후조리원,서울특별시 서초구 서초동 1540-7,서초3동,2025-09-18
장애인 주차장,국립중앙도서관,서울특별시 서초구 반포동 산 60-1,반포4동,2025-09-18
장애인 주차장,성진개발빌딩,서울특별시 서초구 서초동 1460-10,서초3동,2025-09-18
장애인 주차장,경남아너스빌,서울특별시 서초구 서초동 1456-2,서초3동,2025-09-18
장애인 주차장,주차장,서울특별시 서초구 서초동 1582-25,서초3동,2025-09-18
장애인 주차장,서초센트럴IPARK,서울특별시 서초구 서초동 1582-3,서초3동,2025-09-18
장애인 주차장,서초느티나무쉼터,서울특별시 서초구 서초동 1484-6,서초3동,2025-09-18
장애인 주차장,IWHA(이화빌딩),서울특별시 서초구 서초동 1538-10,서초3동,2025-09-18
장애인 주차장,서초동 1522-2 공동주택,서울특별시 서초구 서초동 1522-2,서초3동,2025-09-18
장애인 주차장,우신1549빌딩,서울특별시 서초구 서초동 1549-4,서초3동,2025-09-18
장애인 주차장,삼성홈스테이,서울특별시 서초구 서초동 1505-5,서초3동,2025-09-18
장애인 주차장,펜타트럼 1단지,서울특별시 서초구 서초동 1546-5,서초3동,2025-09-18
장애인 주차장,우신1557빌딩,서울특별시 서초구 서초동 1557-6,서초3동,2025-09-18
장애인 주차장,엘린하우스,서울특별시 서초구 서초동 1481-17,서초3동,2025-09-18
장애인 주차장,비버리캐슬,서울특별시 서초구 서초동 1486-17,서초3동,2025-09-18
장애인 주차장,디엠타워3관,서울특별시 서초구 방배동 924-11,방배1동,2025-09-18
장애인 주차장,양지바른치과,서울특별시 서초구 방배동 905-3,방배1동,2025-09-18
장애인 주차장,방배그랑자이,서울특별시 서초구 방배동 3283,방배3동,2025-09-18
장애인 주차장,베네트홀딩스 사옥,서울특별시 서초구 방배동 795-23,방배본동,2025-09-18
장애인 주차장,방배센트럴빌딩,서울특별시 서초구 방배동 909-6,방배1동,2025-09-18
장애인 주차장,서울방배1동우편취급국,서울특별시 서초구 방배동 923-6,방배1동,2025-09-18
장애인 주차장,방배한신트리플,서울특별시 서초구 방배동 816-1,방배4동,2025-09-18
장애인 주차장,한국기독교장로회이수중앙교회,서울특별시 서초구 방배동 512-1,방배2동,2025-09-18
장애인 주차장,반포래디앙 시그니처,서울특별시 서초구 방배동 751-4,방배본동,2025-09-18
장애인 주차장,하모니,서울특별시 서초구 방배동 858-33,방배4동,2025-09-18
장애인 주차장,뉴씨엘,서울특별시 서초구 방배동 862-1,방배4동,2025-09-18
장애인 주차장,방배그리나힐,서울특별시 서초구 방배동 454-20,방배2동,2025-09-18
장애인 주차장,방배헤스티아3,서울특별시 서초구 방배동 467-22,방배2동,2025-09-18
장애인 주차장,스매치 서초 사옥,서울특별시 서초구 서초동 1703-8,서초3동,2025-09-18
장애인 주차장,릿타워,서울특별시 서초구 서초동 1331-2,서초2동,2025-09-18
장애인 주차장,석오빌딩,서울특별시 서초구 서초동 1596-3,서초3동,2025-09-18
장애인 주차장,크레아2,서울특별시 서초구 서초동 1628-1,서초1동,2025-09-18
장애인 주차장,알루어반포,서울특별시 서초구 반포동 67-3,반포4동,2025-09-18
장애인 주차장,더샵 반포리버파크,서울특별시 서초구 반포동 114-1,반포2동,2025-09-18
장애인 주차장,빌라드 루,서울특별시 서초구 반포동 107-50,반포4동,2025-09-18
장애인 주차장,서래스테이,서울특별시 서초구 반포동 96-9,반포4동,2025-09-18
장애인 주차장,방배스카이,서울특별시 서초구 방배동 755-7,방배본동,2025-09-18
장애인 주차장,래미안서초에스티지에스,서울특별시 서초구 서초동 1754,서초2동,2025-09-18
장애인 주차장,서초2파출소,서울특별시 서초구 서초동 1356-6,서초2동,2025-09-18
장애인 주차장,서초4동열린문화센터,서울특별시 서초구 서초동 1302-6,서초4동,2025-09-18
장애인 주차장,방배대우디오빌,서울특별시 서초구 방배동 866-20,방배4동,2025-09-18
장애인 주차장,루바토,서울특별시 서초구 방배동 931-25,방배1동,2025-09-18
장애인 주차장,근정빌딩,서울특별시 서초구 서초동 1575-12,서초3동,2025-09-18
장애인 주차장,도매시정·소매시장,서울특별시 서초구 서초동 1672-6,서초1동,2025-09-18
장애인 주차장,디앤비빌딩,서울특별시 서초구 서초동 1675-7,서초1동,2025-09-18
장애인 주차장,아이리스 서초,서울특별시 서초구 서초동 1638-2,서초1동,2025-09-18
장애인 주차장,BLOCK77,서울특별시 서초구 서초동 1307-21,서초4동,2025-09-18
장애인 주차장,블루원빌딩,서울특별시 서초구 서초동 1699-16,서초4동,2025-09-18
장애인 주차장,디에이치 반포 라클라스,서울특별시 서초구 반포동 1343,반포1동,2025-09-18
장애인 주차장,반포 래미안아이파크,서울특별시 서초구 반포동 1341,반포1동,2025-09-18
장애인 주차장,휴게음식점·제과점,서울특별시 서초구 반포동 57-4,반포4동,2025-09-18
장애인 주차장,더클래스,서울특별시 서초구 서초동 1619-2,서초1동,2025-09-18
장애인 주차장,서초어반하이 오피스텔,서울특별시 서초구 서초동 1601-10,서초3동,2025-09-18
장애인 주차장,센트럴시티,서울특별시 서초구 반포동 19-3,반포4동,2025-09-18
장애인 주차장,원지동 다목적체육관,서울특별시 서초구 원지동 28,양재2동,2025-09-18
장애인 주차장,호반 파크 Ⅱ관,서울특별시 서초구 우면동 786,양재1동,2025-09-18
장애인 주차장,호반 파크 Ⅰ관,서울특별시 서초구 우면동 782,양재1동,2025-09-18
장애인 주차장,양재도서관,서울특별시 서초구 양재동 102-6,양재1동,2025-09-18
장애인 주차장,자광,서울특별시 서초구 양재동 88-1,양재1동,2025-09-18
장애인 주차장,서초구립 양재목련어린이집,서울특별시 서초구 양재동 300-11,양재2동,2025-09-18
장애인 주차장,양지파크타운,서울특별시 서초구 양재동 272-9,양재2동,2025-09-18
장애인 주차장,신반포자이,서울특별시 서초구 잠원동 160,반포3동,2025-09-18
장애인 주차장,잠원동 스타빌딩,서울특별시 서초구 잠원동 61-9,잠원동,2025-09-18
장애인 주차장,반포이안베스티움,서울특별시 서초구 반포동 701-41,반포1동,2025-09-18
장애인 주차장,그리다,서울특별시 서초구 반포동 718-4,반포1동,2025-09-18
장애인 주차장,서초메트하임,서울특별시 서초구 신원동 608,내곡동,2025-09-18
장애인 주차장,서초포레스타7단지,서울특별시 서초구 신원동 615,내곡동,2025-09-18
장애인 주차장,내곡열린문화센터,서울특별시 서초구 신원동 627,내곡동,2025-09-18
장애인 주차장,서초포레스타5단지,서울특별시 서초구 신원동 579,내곡동,2025-09-18
장애인 주차장,서초구립내곡도서관(내곡중학교),서울특별시 서초구 신원동 294,내곡동,2025-09-18
장애인 주차장,서초포레스타6단지,서울특별시 서초구 신원동 619,내곡동,2025-09-18
장애인 주차장,내곡 SH 플라자,서울특별시 서초구 내곡동 391,내곡동,2025-09-18
장애인 주차장,서초구립 도구머리어린이집 주건축물제1동,서울특별시 서초구 방배동 산 75-3,방배2동,2025-09-18
장애인 주차장,지역자치센터,서울특별시 서초구 방배동 462-13,방배2동,2025-09-18
장애인 주차장,다니엘학교,서울특별시 서초구 내곡동 1-1328,내곡동,2025-09-18
장애인 주차장,서초포레스타2단지,서울특별시 서초구 내곡동 384,내곡동,2025-09-18
장애인 주차장,서초구립 내곡연두어린이집,서울특별시 서초구 내곡동 402,내곡동,2025-09-18
장애인 주차장,KB골든라이프케어 서초 빌리지,서울특별시 서초구 우면동 700,양재1동,2025-09-18
장애인 주차장,사랑동,서울특별시 서초구 방배동 981-23,방배3동,2025-09-18
장애인 주차장,제이지와이제이120(JGYJ120),서울특별시 서초구 방배동 981-16,방배3동,2025-09-18
장애인 주차장,CTK,서울특별시 서초구 서초동 1485-6,서초3동,2025-09-18
장애인 주차장,HDC랩스타워,서울특별시 서초구 서초동 1439-2,서초1동,2025-09-18
장애인 주차장,드림타운,서울특별시 서초구 방배동 918-11,방배1동,2025-09-18
장애인 주차장,방배파크빌,서울특별시 서초구 방배동 477-11,방배3동,2025-09-18
장애인 주차장,정토회관,서울특별시 서초구 서초동 1591-1,서초3동,2025-09-18
장애인 주차장,서초청소년도서관,서울특별시 서초구 서초동 1755,서초2동,2025-09-18
장애인 주차장,방배롯데캐슬아르떼,서울특별시 서초구 방배동 424-28,방배2동,2025-09-18
장애인 주차장,서울이수초등학교,서울특별시 서초구 방배동 468-6,방배2동,2025-09-18
장애인 주차장,방배래미안타워,서울특별시 서초구 방배동 485-3,방배3동,2025-09-18
장애인 주차장,방배대우아파트,서울특별시 서초구 방배동 562-1,방배3동,2025-09-18
장애인 주차장,현대멤피스아파트,서울특별시 서초구 방배동 774-19,방배본동,2025-09-18
장애인 주차장,쌍용예가클래식,서울특별시 서초구 방배동 776-3,방배본동,2025-09-18
장애인 주차장,방배3차 e-편한세상,서울특별시 서초구 방배동 797-30,방배본동,2025-09-18
장애인 주차장,방배 롯데캐슬로제,서울특별시 서초구 방배동 849-30,방배4동,2025-09-18
장애인 주차장,그랜드하우스,서울특별시 서초구 방배동 850-20,방배4동,2025-09-18
장애인 주차장,방배2차e-편한세상,서울특별시 서초구 방배동 881-26,방배4동,2025-09-18
장애인 주차장,황실자이,서울특별시 서초구 방배동 883-9,방배1동,2025-09-18
장애인 주차장,방배 e-편한세상,서울특별시 서초구 방배동 884-21,방배1동,2025-09-18
장애인 주차장,방배자이아파트,서울특별시 서초구 방배동 888-53,방배1동,2025-09-18
장애인 주차장,브라운스톤 방배,서울특별시 서초구 방배동 899-16,방배1동,2025-09-18
장애인 주차장,방배 서리풀 e-편한세상,서울특별시 서초구 방배동 906-13,방배1동,2025-09-18
장애인 주차장,자현유하우스,서울특별시 서초구 방배동 940-4,방배1동,2025-09-18
장애인 주차장,방배현대멤피스2,서울특별시 서초구 방배동 982-1,방배3동,2025-09-18
장애인 주차장,방배 어울림,서울특별시 서초구 방배동 998,방배3동,2025-09-18
장애인 주차장,래미안방배아트힐,서울특별시 서초구 방배동 1008-2,방배3동,2025-09-18
장애인 주차장,방배1차현대아파트,서울특별시 서초구 방배동 1344,방배4동,2025-09-18
장애인 주차장,서문여자중.고등학교,서울특별시 서초구 방배동 1514,방배4동,2025-09-18
장애인 주차장,방배2차현대홈타운,서울특별시 서초구 방배동 2001,방배4동,2025-09-18
장애인 주차장,방배3차현대홈타운,서울특별시 서초구 방배동 2233,방배본동,2025-09-18
장애인 주차장,방배래미안아파트,서울특별시 서초구 방배동 2626,방배2동,2025-09-18
장애인 주차장,방배동 동부센트레빌,서울특별시 서초구 방배동 3275,방배본동,2025-09-18
장애인 주차장,방배한진로즈힐아파트,서울특별시 서초구 방배동 3276,방배4동,2025-09-18
장애인 주차장,방배 아이파크,서울특별시 서초구 방배동 3277,방배본동,2025-09-18
장애인 주차장,방배 센트레빌 인더포레,서울특별시 서초구 방배동 3286,방배3동,2025-09-18
장애인 주차장,비버리하임(1단지),서울특별시 서초구 양재동 5-12,양재1동,2025-09-18
장애인 주차장,대림아파트,서울특별시 서초구 우면동 57,양재1동,2025-09-18
장애인 주차장,동고아파트,서울특별시 서초구 우면동 59,양재1동,2025-09-18
장애인 주차장,우면한라아파트,서울특별시 서초구 우면동 67,양재1동,2025-09-18
장애인 주차장,코오롱아파트,서울특별시 서초구 우면동 70,양재1동,2025-09-18
장애인 주차장,서초네이처힐1단지,서울특별시 서초구 우면동 707,양재1동,2025-09-18
장애인 주차장,서초네이처힐2단지,서울특별시 서초구 우면동 712,양재1동,2025-09-18
장애인 주차장,서초네이처힐3단지,서울특별시 서초구 우면동 717,양재1동,2025-09-18
장애인 주차장,서초네이처힐4단지,서울특별시 서초구 우면동 720,양재1동,2025-09-18
장애인 주차장,서초네이처힐5단지,서울특별시 서초구 우면동 730,양재1동,2025-09-18
장애인 주차장,서초네이처힐7단지,서울특별시 서초구 우면동 735,양재1동,2025-09-18
장애인 주차장,서초네이처힐6단지,서울특별시 서초구 우면동 737,양재1동,2025-09-18
장애인 주차장,서초호반써밋,서울특별시 서초구 우면동 753,양재1동,2025-09-18
장애인 주차장,서초힐스,서울특별시 서초구 우면동 773,양재1동,2025-09-18
장애인 주차장,엘에이치서초3단지,서울특별시 서초구 우면동 784,양재1동,2025-09-18
장애인 주차장,호반써밋서초파크,서울특별시 서초구 우면동 788,양재1동,2025-09-18
장애인 주차장,호반써밋서초파크뷰,서울특별시 서초구 우면동 789,양재1동,2025-09-18
장애인 주차장,더리버사이드호텔,서울특별시 서초구 잠원동 6-1,잠원동,2025-09-18
장애인 주차장,한강아파트,서울특별시 서초구 잠원동 49-8,잠원동,2025-09-18
장애인 주차장,잠원현대아파트,서울특별시 서초구 잠원동 53,잠원동,2025-09-18
장애인 주차장,신동중학교,서울특별시 서초구 잠원동 54-6,잠원동,2025-09-18
장애인 주차장,금호베스트빌아파트,서울특별시 서초구 잠원동 58,잠원동,2025-09-18
장애인 주차장,신반포청구아파트,서울특별시 서초구 잠원동 63-2,잠원동,2025-09-18
장애인 주차장,반포한신타워아파트,서울특별시 서초구 잠원동 71-11,반포3동,2025-09-18
장애인 주차장,동아아파트,서울특별시 서초구 잠원동 157,반포3동,2025-09-18
장애인 주차장,래미안 신반포 팰리스,서울특별시 서초구 잠원동 158,잠원동,2025-09-18
장애인 주차장,반포센트럴자이,서울특별시 서초구 잠원동 162,반포3동,2025-09-18
장애인 주차장,반포르엘,서울특별시 서초구 잠원동 163,반포3동,2025-09-18
장애인 주차장,반포르엘2차,서울특별시 서초구 잠원동 164,반포3동,2025-09-18
장애인 주차장,래미안 원베일리,서울특별시 서초구 반포동 1,반포2동,2025-09-18
장애인 주차장,아크로리버파크,서울특별시 서초구 반포동 2-12,반포2동,2025-09-18
장애인 주차장,계성초등학교,서울특별시 서초구 반포동 6-1,반포2동,2025-09-18
장애인 주차장,반포푸르지오아파트,서울특별시 서초구 반포동 10,반포2동,2025-09-18
장애인 주차장,반포 힐스테이트,서울특별시 서초구 반포동 16-6,반포2동,2025-09-18
장애인 주차장,래미안 퍼스티지,서울특별시 서초구 반포동 18-1,반포2동,2025-09-18
장애인 주차장,반포자이,서울특별시 서초구 반포동 20-43,반포1동,2025-09-18
장애인 주차장,서울원촌초등학교,서울특별시 서초구 반포동 21,반포1동,2025-09-18
장애인 주차장,반포리체,서울특별시 서초구 반포동 30-26,반포1동,2025-09-18
장애인 주차장,신반포궁전아파트,서울특별시 서초구 반포동 65-1,반포4동,2025-09-18
장애인 주차장,반포 에스케이 뷰,서울특별시 서초구 반포동 112-15,반포4동,2025-09-18
장애인 주차장,가톨릭중앙의료원 새병원 및 성의회관,서울특별시 서초구 반포동 505,반포4동,2025-09-18
장애인 주차장,조달청사,서울특별시 서초구 반포동 520-3,반포4동,2025-09-18
장애인 주차장,래미안 서초스위트,서울특별시 서초구 서초동 1301-6,서초4동,2025-09-18
장애인 주차장,서초두산위브트레지움,서울특별시 서초구 서초동 1310-4,서초4동,2025-09-18
장애인 주차장,서초 푸르지오 써밋,서울특별시 서초구 서초동 1311-10,서초4동,2025-09-18
장애인 주차장,롯데캐슬클래식,서울특별시 서초구 서초동 1312-3,서초4동,2025-09-18
장애인 주차장,삼성서초가든스위트,서울특별시 서초구 서초동 1326,서초2동,2025-09-18
장애인 주차장,우성아파트,서울특별시 서초구 서초동 1326-17,서초2동,2025-09-18
장애인 주차장,래미안서초에스티지,서울특별시 서초구 서초동 1332-13,서초2동,2025-09-18
장애인 주차장,서이초등학교,서울특별시 서초구 서초동 1334-2,서초2동,2025-09-18
장애인 주차장,서초 벽산블루밍 아파트,서울특별시 서초구 서초동 1347-20,서초2동,2025-09-18
장애인 주차장,롯데캐슬주피터,서울특별시 서초구 서초동 1359-50,서초2동,2025-09-18
장애인 주차장,서초신원아침도시2차,서울특별시 서초구 서초동 1420-18,서초1동,2025-09-18
장애인 주차장,서초동 아아파크,서울특별시 서초구 서초동 1436-14,서초1동,2025-09-18
장애인 주차장,서초자이,서울특별시 서초구 서초동 1444-7,서초1동,2025-09-18
장애인 주차장,더샾서초,서울특별시 서초구 서초동 1445-14,서초1동,2025-09-18
장애인 주차장,서초동한신아파트,서울특별시 서초구 서초동 1454-29,서초3동,2025-09-18
장애인 주차장,서초3차대림이-편한세상,서울특별시 서초구 서초동 1467-37,서초3동,2025-09-18
장애인 주차장,서초5차대림이-편한세상,서울특별시 서초구 서초동 1467-62,서초3동,2025-09-18
장애인 주차장,서초1차e-편한세상,서울특별시 서초구 서초동 1487-63,서초3동,2025-09-18
장애인 주차장,마제스타시티,서울특별시 서초구 서초동 1498-5,서초3동,2025-09-18
장애인 주차장,서초한빛삼성아파트,서울특별시 서초구 서초동 1509-1,서초3동,2025-09-18
장애인 주차장,삼성 래미안 서초6차,서울특별시 서초구 서초동 1520-9,서초3동,2025-09-18
장애인 주차장,서울고등학교,서울특별시 서초구 서초동 1526-1,서초3동,2025-09-18
장애인 주차장,서초2차 이-편한세상,서울특별시 서초구 서초동 1529,서초3동,2025-09-18
장애인 주차장,대성빌딩,서울특별시 서초구 서초동 1530-18,서초3동,2025-09-18
장애인 주차장,서초극동스타클래스2,서울특별시 서초구 서초동 1615-10,서초1동,2025-09-18
장애인 주차장,서초극동스타클래스 I 아파트,서울특별시 서초구 서초동 1616-10,서초1동,2025-09-18
장애인 주차장,서초동 롯데캐슬 리버티,서울특별시 서초구 서초동 1620-20,서초1동,2025-09-18
장애인 주차장,서초삼성래미안,서울특별시 서초구 서초동 1641-1,서초1동,2025-09-18
장애인 주차장,서초롯데캐슬84,서울특별시 서초구 서초동 1642-14,서초1동,2025-09-18
장애인 주차장,서초현대아파트,서울특별시 서초구 서초동 1648-2,서초1동,2025-09-18
장애인 주차장,서울교육대학교,서울특별시 서초구 서초동 1650,서초1동,2025-09-18
장애인 주차장,서초롯데캐슬프레지던트,서울특별시 서초구 서초동 1681-8,서초4동,2025-09-18
장애인 주차장,서초 래미안 아파트,서울특별시 서초구 서초동 1682,서초4동,2025-09-18
장애인 주차장,서초4차현대아파트,서울특별시 서초구 서초동 1684,서초4동,2025-09-18
장애인 주차장,삼풍아파트,서울특별시 서초구 서초동 1685,서초4동,2025-09-18
장애인 주차장,서초 교대 e편한세상,서울특별시 서초구 서초동 1686-9,서초4동,2025-09-18
장애인 주차장,유원서초아파트,서울특별시 서초구 서초동 1687,서초4동,2025-09-18
장애인 주차장,서초프라임헤센아파트,서울특별시 서초구 서초동 1756,서초1동,2025-09-18
장애인 주차장,서초그랑자이,서울특별시 서초구 서초동 1757,서초2동,2025-09-18
장애인 주차장,서울언남초등학교,서울특별시 서초구 내곡동 395,내곡동,2025-09-18
장애인 주차장,서초더샵포레,서울특별시 서초구 내곡동 411,내곡동,2025-09-18
장애인 주차장,내곡동종합시설,서울특별시 서초구 염곡동 180-2,내곡동,2025-09-18
장애인 주차장,한국도로교통공단 서울특별시지부,서울특별시 서초구 염곡동 300-11,내곡동,2025-09-18
장애인 주차장,힐스테이트서초젠트리스,서울특별시 서초구 신원동 557,내곡동,2025-09-18
장애인 주차장,서초포레스타3단지,서울특별시 서초구 신원동 568,내곡동,2025-09-18
장애인 화장실,서초여성가족플라자 방배센터 화장실,서울특별시 서초구 방배동 983-14,방배3동,2025-09-18
장애인 화장실,서초여성가족플라자 서초센터 화장실,서울특별시 서초구 서초동 1302-6,서초4동,2025-09-18
장애인 화장실,서초여성가족플라자 잠원센터 화장실,서울특별시 서초구 잠원동 61-6,잠원동,2025-09-18
장애인 화장실,문화예술공원서리풀노리학교,서울특별시 서초구 양재동 200,양재2동,2025-09-18
장애인 화장실,서리풀문화광장 공중화장실,서울특별시 서초구 서초동 1498-1 외 12필지,양재2동,2025-09-18
장애인 화장실,까리따스방배종합사회복지관 화장실,서울특별시 서초구 방배동 3274-3,방배2동,2025-09-18
장애인 화장실,방배뒷벌어린이공원 공중화장실,서울특별시 서초구 방배동 821-1,방배4동,2025-09-18
장애인 화장실,방배쉼터 공중화장실,서울특별시 서초구 방배동 445-3,방배2동,2025-09-18
장애인 화장실,대한건축사협회,서울특별시 서초구 서초동 1603-55,서초1동,2025-09-18
장애인 화장실,블루핀타워,서울특별시 서초구 서초동 1603-1,서초1동,2025-09-18
장애인 화장실,도시의빛2,서울특별시 서초구 서초동 1328-11,서초2동,2025-09-18
장애인 화장실,맥도날드,서울특별시 서초구 서초동 1536-15,서초3동,2025-09-18
장애인 화장실,래미안퍼스티지중심상가,서울특별시 서초구 반포동 18-3,방배2동,2025-09-18
장애인 화장실,신반포역상가,서울특별시 서초구 반포동 18-4,반포2동,2025-09-18
장애인 화장실,남부종합시장,서울특별시 서초구 방배본동 767-1,방배본동,2025-09-18
장애인 화장실,외환은행,서울특별시 서초구 방배1동 935-34,방배4동,2025-09-18
장애인 화장실,한신트리플상가(이수시장),서울특별시 서초구 방배4동 816-1,방배2동,2025-09-18
장애인 화장실,황금빌딩,서울특별시 서초구 우면동 728,양재1동,2025-09-18
장애인 화장실,양재동복합시설,서울특별시 서초구 양재동 81,양재1동,2025-09-18
장애인 화장실,청계산 자연누리 오피스텔,서울특별시 서초구 신원동 662,내곡동,2025-09-18
장애인 화장실,말죽거리근린공원 화장실,서울특별시 서초구 서초동 258-2,서초1동,2025-09-18
장애인 화장실,우면산 (서초약수터),서울특별시 서초구 서초동 431-6,서초1동,2025-09-18
장애인 화장실,우면산 (대성사 옆),서울특별시 서초구 서초동 산 138-2,서초3동,2025-09-18
장애인 화장실,서리풀공원,서울특별시 서초구 서초동 산160-24,서초1동,2025-09-18
장애인 화장실,명달근린공원,서울특별시 서초구 서초동 1313-17,서초4동,2025-09-18
장애인 화장실,반포종합운동장체육센터,서울특별시 서초구 반포동 15-2,반포2동,2025-09-18
장애인 화장실,잠원스포츠파크,서울특별시 서초구 잠원동 71-10,반포3동,2025-09-18
장애인 화장실,서초구청,서울특별시 서초구 서초동 1376-3,서초2동,2025-09-18
장애인 화장실,서초1동주민센터,서울특별시 서초구 서초동 1649-5,서초1동,2025-09-18
장애인 화장실,서초2동주민센터 화장실,서울특별시 서초구 서초동 1332-6,서초2동,2025-09-18
장애인 화장실,잠원동주민센터 화장실,서울특별시 서초구 잠원동 58-27,잠원동,2025-09-18
장애인 화장실,반포1동 주민센터,서울특별시 서초구 반포동 20-48,서초3동,2025-09-18
장애인 화장실,반포2동 주민센터,서울특별시 서초구 반포동 1-23,반포2동,2025-09-18
장애인 화장실,반포3동주민센터 화장실,서울특별시 서초구 잠원동 71-7,반포3동,2025-09-18
장애인 화장실,반포4동 주민센터,서울특별시 서초구 반포동 74-7,반포4동,2025-09-18
장애인 화장실,방배본동주민센터화장실,서울특별시 서초구 방배동 774-9,방배본동,2025-09-18
장애인 화장실,방배2동주민센터,서울특별시 서초구 방배동 462-13,방배2동,2025-09-18
장애인 화장실,방배3동주민센터 화장실,서울특별시 서초구 방배동 1023-3,방배3동,2025-09-18
장애인 화장실,방배4동주민센터,서울특별시 서초구 방배동 852-14,방배4동,2025-09-18
장애인 화장실,양재2동 주민센터,서울특별시 서초구 양재동 323-1,양재2동,2025-09-18
장애인 화장실,서초구민체육센터,서울특별시 서초구 반포동 114-3,반포2동,2025-09-18
장애인 화장실,방배배수지 체육공원,서울특별시 서초구 방배동 599,방배3동,2025-09-18
장애인 화장실,서초구립반포도서관,서울특별시 서초구 반포동 32-12,반포1동,2025-09-18
장애인 화장실,양재종합사회복지관,서울특별시 서초구 양재동 11-13,양재1동,2025-09-18
장애인 화장실,서초구립 한우리정보문화센터,서울특별시 서초구 서초동 380,서초1동,2025-09-18
장애인 화장실,우면종합사회복지관,서울특별시 서초구 우면동 63,양재1동,2025-09-18
장애인 화장실,서울특별시어린이병원,서울특별시 서초구 내곡동 375,내곡동,2025-09-18
장애인 화장실,내곡동 주민센터,서울특별시 서초구 신원동 340-3,내곡동,2025-09-18
장애인 화장실,양재천 (연인의거리),서울특별시 서초구 양재동 99-5,양재1동,2025-09-18
장애인 화장실,양재근린공원,서울특별시 서초구 양재동 311,양재2동,2025-09-18
장애인 화장실,양재천근린공원,서울특별시 서초구 양재동 261-22,양재2동,2025-09-18
장애인 화장실,송동근린공원,서울특별시 서초구 우면동 777,반포2동,2025-09-18
장애인 화장실,청계산 공영주차장 화장실,서울특별시 서초구 원지동 362-1,반포2동,2025-09-18
장애인 화장실,서초꽃마을주유소,서울특별시 서초구 서초동 1536-16,서초3동,2025-09-18
장애인 화장실,(주)에이치앤디이서울만남의광장주유소,서울특별시 서초구 원지동 10-16,양재2동,2025-09-18
장애인 화장실,대성석유㈜연일주유소,서울특별시 서초구 서초동 1426-13,방배본동,2025-09-18
장애인 화장실,서울추모공원 화장실,서울특별시 서초구 원지동 63 서울추모공원,양재2동,2025-09-18
장애인 화장실,내방역,서울특별시 서초구 방배동 874-16 내방역,방배1동,2025-09-18
장애인 화장실,고속터미널(7)역,서울특별시 서초구 반포동 19-11 고속터미널역(7호선),반포4동,2025-09-18
장애인 화장실,반포역,서울특별시 서초구 잠원동 103 반포역,방배1동,2025-09-18
장애인 화장실,남태령역,서울특별시 서초구 방배동 2909 남태령역,방배2동,2025-09-18
장애인 화장실,양재역,서울특별시 서초구 서초동 1366-9 양재역,양재1동,2025-09-18
장애인 화장실,남부터미널역,서울특별시 서초구 서초동 1748-30 남부터미널역,서초1동,2025-09-18
장애인 화장실,교대(3)역,서울특별시 서초구 서초동 1748-4 교대역(3호선),서초1동,2025-09-18
장애인 화장실,잠원역,서울특별시 서초구 잠원동 100-1 잠원역,잠원동,2025-09-18
장애인 화장실,방배역,서울특별시 서초구 방배동 912-14 방배역,방배3동,2025-09-18
장애인 화장실,서초역,서울특별시 서초구 서초동 1748-5 서초역,서초3동,2025-09-18
장애인 화장실,터미널지하도상가 화장실,서울특별시 서초구 잠원동 68-17,반포3동,2025-09-18
장애인 화장실,서초경찰서 화장실,서울특별시 서초구 서초3동 1726-1,양재1동,2025-09-18
장애인 화장실,서울중앙지방검찰청 지하1층 종합민원실 화장실,서울특별시 서초구 서초동 1724,서초3동,2025-09-18
장애인 화장실,서울서초우체국 1층,서울특별시 서초구 양재동 324-2,양재2동,2025-09-18
장애인 화장실,몽마르뜨공원,서울 서초구 반포동 산59-1,반포4동,2025-09-18
장애인 화장실,바우뫼복지문화회관,서울 서초구 바우뫼로 43,양재1동,2025-09-18
장애인 화장실,반포종합사회복지관 화장실,서울특별시 서초구 신반포로33길 22 반포종합사회복지관,반포3동,2025-09-18
장애인 화장실,방배1동 주민센터,서울특별시 서초구 효령로29길 43 방배1동주민센터,방배1동,2025-09-18
장애인 화장실,방배노인종합복지관,서울특별시 서초구 방배천로 48 방배노인종합복지관,방배2동,2025-09-18
장애인 화장실,방배육아지원센터,서울특별시 서초구 방배로27길 13,방배4동,2025-09-18
장애인 화장실,서초문화예술회관,서울특별시 서초구 강남대로 201 서초문화예술회관,양재1동,2025-09-18
장애인 화장실,용허리근린공원,서울 서초구 서초동 1324-1,서초2동,2025-09-18
장애인 화장실,에피소드 강남 262,서울특별시 서초구 서초동 1339-9,서초2동,2025-09-18
장애인 화장실,337,서울특별시 서초구 서초동 1329-10,서초2동,2025-09-18
장애인 화장실,이니셜타워 I,서울특별시 서초구 반포동 737-10,반포1동,2025-09-18
장애인 화장실,강남메인타워Ⅱ,서울특별시 서초구 서초동 1357-65,서초2동,2025-09-18
장애인 화장실,프로빌딩,서울특별시 서초구 잠원동 27-1,잠원동,2025-09-18
장애인 화장실,서원초등학교 교사2동,서울특별시 서초구 반포동 30-8,반포1동,2025-09-18
장애인 화장실,반포써밋,서울특별시 서초구 반포동 1342,반포1동,2025-09-18
장애인 화장실,임이석 테마피부과,서울특별시 서초구 잠원동 19-8,잠원동,2025-09-18
장애인 화장실,도요빌딩,서울특별시 서초구 서초동 1424-1,서초1동,2025-09-18
장애인 화장실,방배 느티나무 쉼터,서울특별시 서초구 방배동 478-13,방배3동,2025-09-18
장애인 화장실,서초구립 양재별하어린이집,서울특별시 서초구 양재동 401-12,양재2동,2025-09-18
장애인 화장실,방배중학교,서울특별시 서초구 반포동 586-1,반포4동,2025-09-18
장애인 화장실,롯데캐슬헤론아파트,서울특별시 서초구 방배동 754-1,방배본동,2025-09-18
장애인 화장실,NK빌딩,서울특별시 서초구 서초동 1496-30,서초3동,2025-09-18
장애인 화장실,서초구립 서초3동 하나어린이집,서울특별시 서초구 서초동 1491-12,서초3동,2025-09-18
장애인 화장실,방배아트자이,서울특별시 서초구 방배동 3278,방배3동,2025-09-18
장애인 화장실,양재느티나무쉼터,서울특별시 서초구 양재동 7-32,양재1동,2025-09-18
장애인 화장실,의원·치과의원·한의원·조산소·산후조리원,서울특별시 서초구 서초동 1540-7,서초3동,2025-09-18
장애인 화장실,국립중앙도서관,서울특별시 서초구 반포동 산 60-1,반포4동,2025-09-18
장애인 화장실,성진개발빌딩,서울특별시 서초구 서초동 1460-10,서초3동,2025-09-18
장애인 화장실,서초느티나무쉼터,서울특별시 서초구 서초동 1484-6,서초3동,2025-09-18
장애인 화장실,IWHA(이화빌딩),서울특별시 서초구 서초동 1538-10,서초3동,2025-09-18
장애인 화장실,우신1549빌딩,서울특별시 서초구 서초동 1549-4,서초3동,2025-09-18
장애인 화장실,디엠타워3관,서울특별시 서초구 방배동 924-11,방배1동,2025-09-18
장애인 화장실,방배그랑자이,서울특별시 서초구 방배동 3283,방배3동,2025-09-18
장애인 화장실,베네트홀딩스 사옥,서울특별시 서초구 방배동 795-23,방배본동,2025-09-18
장애인 화장실,방배센트럴빌딩,서울특별시 서초구 방배동 909-6,방배1동,2025-09-18
장애인 화장실,서울방배1동우편취급국,서울특별시 서초구 방배동 923-6,방배1동,2025-09-18
장애인 화장실,방배한신트리플,서울특별시 서초구 방배동 816-1,방배4동,2025-09-18
장애인 화장실,반포래디앙 시그니처,서울특별시 서초구 방배동 751-4,방배본동,2025-09-18
장애인 화장실,스매치 서초 사옥,서울특별시 서초구 서초동 1703-8,서초3동,2025-09-18
장애인 화장실,릿타워,서울특별시 서초구 서초동 1331-2,서초2동,2025-09-18
장애인 화장실,석오빌딩,서울특별시 서초구 서초동 1596-3,서초3동,2025-09-18
장애인 화장실,크레아2,서울특별시 서초구 서초동 1628-1,서초1동,2025-09-18
장애인 화장실,알루어반포,서울특별시 서초구 반포동 67-3,반포4동,2025-09-18
장애인 화장실,KCC 서초사옥 별관동,서울특별시 서초구 서초동 1301,서초4동,2025-09-18
장애인 화장실,한신서래아파트,서울특별시 서초구 반포동 70-1,반포4동,2025-09-18
장애인 화장실,서울반포4동우편취급국,서울특별시 서초구 반포동 93-6,반포4동,2025-09-18
장애인 화장실,래미안서초에스티지에스,서울특별시 서초구 서초동 1754,서초2동,2025-09-18
장애인 화장실,서초2파출소,서울특별시 서초구 서초동 1356-6,서초2동,2025-09-18
장애인 화장실,방배대우디오빌,서울특별시 서초구 방배동 866-20,방배4동,2025-09-18
장애인 화장실,근정빌딩,서울특별시 서초구 서초동 1575-12,서초3동,2025-09-18
장애인 화장실,디앤비빌딩,서울특별시 서초구 서초동 1675-7,서초1동,2025-09-18
장애인 화장실,교대 정인빌딩,서울특별시 서초구 서초동 1676-6,서초1동,2025-09-18
장애인 화장실,서초래미안,서울특별시 서초구 서초동 1682,서초4동,2025-09-18
장애인 화장실,BLOCK77,서울특별시 서초구 서초동 1307-21,서초4동,2025-09-18
장애인 화장실,블루원빌딩,서울특별시 서초구 서초동 1699-16,서초4동,2025-09-18
장애인 화장실,아크로비스타,서울특별시 서초구 서초동 1685-3,서초4동,2025-09-18
장애인 화장실,디에이치 반포 라클라스,서울특별시 서초구 반포동 1343,반포1동,2025-09-18
장애인 화장실,반포 래미안아이파크,서울특별시 서초구 반포동 1341,반포1동,2025-09-18
장애인 화장실,서초어반하이 오피스텔,서울특별시 서초구 서초동 1601-10,서초3동,2025-09-18
장애인 화장실,센트럴시티,서울특별시 서초구 반포동 19-3,반포4동,2025-09-18
장애인 화장실,호반 파크 Ⅱ관,서울특별시 서초구 우면동 786,양재1동,2025-09-18
장애인 화장실,호반 파크 Ⅰ관,서울특별시 서초구 우면동 782,양재1동,2025-09-18
장애인 화장실,양재도서관,서울특별시 서초구 양재동 102-6,양재1동,2025-09-18
장애인 화장실,서초구립 양재목련어린이집,서울특별시 서초구 양재동 300-11,양재2동,2025-09-18
장애인 화장실,신반포자이,서울특별시 서초구 잠원동 160,반포3동,2025-09-18
장애인 화장실,잠원동 스타빌딩,서울특별시 서초구 잠원동 61-9,잠원동,2025-09-18
장애인 화장실,CJ키즈빌 어린이집,서울특별시 서초구 방배동 2760,방배2동,2025-09-18
장애인 화장실,서초메트하임,서울특별시 서초구 신원동 608,내곡동,2025-09-18
장애인 화장실,서초포레스타7단지,서울특별시 서초구 신원동 615,내곡동,2025-09-18
장애인 화장실,내곡열린문화센터,서울특별시 서초구 신원동 627,내곡동,2025-09-18
장애인 화장실,서초포레스타5단지,서울특별시 서초구 신원동 579,내곡동,2025-09-18
장애인 화장실,서초구립내곡도서관(내곡중학교),서울특별시 서초구 신원동 294,내곡동,2025-09-18
장애인 화장실,서초포레스타6단지,서울특별시 서초구 신원동 619,내곡동,2025-09-18
장애인 화장실,서초구립 도구머리어린이집 주건축물제1동,서울특별시 서초구 방배동 산 75-3,방배2동,2025-09-18
장애인 화장실,다니엘학교,서울특별시 서초구 내곡동 1-1328,내곡동,2025-09-18
장애인 화장실,서초포레스타2단지,서울특별시 서초구 내곡동 384,내곡동,2025-09-18
장애인 화장실,서초구립 내곡연두어린이집,서울특별시 서초구 내곡동 402,내곡동,2025-09-18
장애인 화장실,KB골든라이프케어 서초 빌리지,서울특별시 서초구 우면동 700,양재1동,2025-09-18
장애인 화장실,사랑동,서울특별시 서초구 방배동 981-23,방배3동,2025-09-18
장애인 화장실,CTK,서울특별시 서초구 서초동 1485-6,서초3동,2025-09-18
장애인 화장실,HDC랩스타워,서울특별시 서초구 서초동 1439-2,서초1동,2025-09-18
장애인 화장실,방배동 916-7 노유자시설 (서초구청),서울특별시 서초구 방배동 916-7,방배1동,2025-09-18
장애인 화장실,이외 사회복지시설,서울특별시 서초구 방배동 981-27,방배3동,2025-09-18
장애인 화장실,서초청소년도서관,서울특별시 서초구 서초동 1755,서초2동,2025-09-18
장애인 화장실,방배롯데캐슬아르떼,서울특별시 서초구 방배동 424-28,방배2동,2025-09-18
장애인 화장실,서울이수초등학교,서울특별시 서초구 방배동 468-6,방배2동,2025-09-18
장애인 화장실,방배래미안타워,서울특별시 서초구 방배동 485-3,방배3동,2025-09-18
장애인 화장실,현대멤피스아파트,서울특별시 서초구 방배동 774-19,방배본동,2025-09-18
장애인 화장실,쌍용예가클래식,서울특별시 서초구 방배동 776-3,방배본동,2025-09-18
장애인 화장실,방배3차 e-편한세상,서울특별시 서초구 방배동 797-30,방배본동,2025-09-18
장애인 화장실,방배 롯데캐슬로제,서울특별시 서초구 방배동 849-30,방배4동,2025-09-18
장애인 화장실,그랜드하우스,서울특별시 서초구 방배동 850-20,방배4동,2025-09-18
장애인 화장실,방배2차e-편한세상,서울특별시 서초구 방배동 881-26,방배4동,2025-09-18
장애인 화장실,황실자이,서울특별시 서초구 방배동 883-9,방배1동,2025-09-18
장애인 화장실,방배 e-편한세상,서울특별시 서초구 방배동 884-21,방배1동,2025-09-18
장애인 화장실,방배자이아파트,서울특별시 서초구 방배동 888-53,방배1동,2025-09-18
장애인 화장실,브라운스톤 방배,서울특별시 서초구 방배동 899-16,방배1동,2025-09-18
장애인 화장실,방배 서리풀 e-편한세상,서울특별시 서초구 방배동 906-13,방배1동,2025-09-18
장애인 화장실,방배 브라운가 아파트,서울특별시 서초구 방배동 930-1,방배1동,2025-09-18
장애인 화장실,자현유하우스,서울특별시 서초구 방배동 940-4,방배1동,2025-09-18
장애인 화장실,방배현대멤피스2,서울특별시 서초구 방배동 982-1,방배3동,2025-09-18
장애인 화장실,방배 어울림,서울특별시 서초구 방배동 998,방배3동,2025-09-18
장애인 화장실,서초 르하임,서울특별시 서초구 방배동 1002-3,서초3동,2025-09-18
장애인 화장실,서문여자중.고등학교,서울특별시 서초구 방배동 1514,방배4동,2025-09-18
장애인 화장실,방배래미안아파트,서울특별시 서초구 방배동 2626,방배2동,2025-09-18
장애인 화장실,방배동 동부센트레빌,서울특별시 서초구 방배동 3275,방배본동,2025-09-18
장애인 화장실,방배한진로즈힐아파트,서울특별시 서초구 방배동 3276,방배4동,2025-09-18
장애인 화장실,방배 아이파크,서울특별시 서초구 방배동 3277,방배본동,2025-09-18
장애인 화장실,방배 센트레빌 인더포레,서울특별시 서초구 방배동 3286,방배3동,2025-09-18
장애인 화장실,비버리하임(1단지),서울특별시 서초구 양재동 5-12,양재1동,2025-09-18
장애인 화장실,언남고등학교,서울특별시 서초구 양재동 309,양재2동,2025-09-18
장애인 화장실,서초네이처힐1단지,서울특별시 서초구 우면동 707,양재1동,2025-09-18
장애인 화장실,서초네이처힐2단지,서울특별시 서초구 우면동 712,양재1동,2025-09-18
장애인 화장실,서초네이처힐3단지,서울특별시 서초구 우면동 717,양재1동,2025-09-18
장애인 화장실,서초네이처힐4단지,서울특별시 서초구 우면동 720,양재1동,2025-09-18
장애인 화장실,서초네이처힐5단지,서울특별시 서초구 우면동 730,양재1동,2025-09-18
장애인 화장실,서초네이처힐7단지,서울특별시 서초구 우면동 735,양재1동,2025-09-18
장애인 화장실,서초네이처힐6단지,서울특별시 서초구 우면동 737,양재1동,2025-09-18
장애인 화장실,서초호반써밋,서울특별시 서초구 우면동 753,양재1동,2025-09-18
장애인 화장실,서초힐스,서울특별시 서초구 우면동 773,양재1동,2025-09-18
장애인 화장실,엘에이치서초3단지,서울특별시 서초구 우면동 784,양재1동,2025-09-18
장애인 화장실,호반써밋서초파크,서울특별시 서초구 우면동 788,양재1동,2025-09-18
장애인 화장실,호반써밋서초파크뷰,서울특별시 서초구 우면동 789,양재1동,2025-09-18
장애인 화장실,더리버사이드호텔,서울특별시 서초구 잠원동 6-1,잠원동,2025-09-18
장애인 화장실,한강아파트,서울특별시 서초구 잠원동 49-8,잠원동,2025-09-18
장애인 화장실,신동중학교,서울특별시 서초구 잠원동 54-6,잠원동,2025-09-18
장애인 화장실,반포한신타워아파트,서울특별시 서초구 잠원동 71-11,반포3동,2025-09-18
장애인 화장실,래미안 신반포 팰리스,서울특별시 서초구 잠원동 158,잠원동,2025-09-18
장애인 화장실,아크로리버뷰신반포,서울특별시 서초구 잠원동 159,반포3동,2025-09-18
장애인 화장실,래미안 신반포 리오센트,서울특별시 서초구 잠원동 161,잠원동,2025-09-18
장애인 화장실,반포센트럴자이,서울특별시 서초구 잠원동 162,반포3동,2025-09-18
장애인 화장실,반포르엘,서울특별시 서초구 잠원동 163,반포3동,2025-09-18
장애인 화장실,반포르엘2차,서울특별시 서초구 잠원동 164,반포3동,2025-09-18
장애인 화장실,래미안 원베일리,서울특별시 서초구 반포동 1,반포2동,2025-09-18
장애인 화장실,계성초등학교,서울특별시 서초구 반포동 6-1,반포2동,2025-09-18
장애인 화장실,반포푸르지오아파트,서울특별시 서초구 반포동 10,반포2동,2025-09-18
장애인 화장실,서울원촌초등학교,서울특별시 서초구 반포동 21,반포1동,2025-09-18
장애인 화장실,반포리체,서울특별시 서초구 반포동 30-26,반포1동,2025-09-18
장애인 화장실,반포 에스케이 뷰,서울특별시 서초구 반포동 112-15,반포4동,2025-09-18
장애인 화장실,가톨릭중앙의료원 새병원 및 성의회관,서울특별시 서초구 반포동 505,반포4동,2025-09-18
장애인 화장실,조달청사,서울특별시 서초구 반포동 520-3,반포4동,2025-09-18
장애인 화장실,반포 센트레빌 아스테리움,서울특별시 서초구 반포동 1344,반포1동,2025-09-18
장애인 화장실,래미안 서초스위트,서울특별시 서초구 서초동 1301-6,서초4동,2025-09-18
장애인 화장실,서초두산위브트레지움,서울특별시 서초구 서초동 1310-4,서초4동,2025-09-18
장애인 화장실,서초 푸르지오 써밋,서울특별시 서초구 서초동 1311-10,서초4동,2025-09-18
장애인 화장실,롯데캐슬클래식,서울특별시 서초구 서초동 1312-3,서초4동,2025-09-18
장애인 화장실,삼성서초가든스위트,서울특별시 서초구 서초동 1326,서초2동,2025-09-18
장애인 화장실,우성아파트,서울특별시 서초구 서초동 1326-17,서초2동,2025-09-18
장애인 화장실,래미안서초에스티지,서울특별시 서초구 서초동 1332-13,서초2동,2025-09-18
장애인 화장실,서이초등학교,서울특별시 서초구 서초동 1334-2,서초2동,2025-09-18
장애인 화장실,서초 벽산블루밍 아파트,서울특별시 서초구 서초동 1347-20,서초2동,2025-09-18
장애인 화장실,롯데캐슬주피터,서울특별시 서초구 서초동 1359-50,서초2동,2025-09-18
장애인 화장실,서초신원아침도시2차,서울특별시 서초구 서초동 1420-18,서초1동,2025-09-18
장애인 화장실,서초동 아아파크,서울특별시 서초구 서초동 1436-14,서초1동,2025-09-18
장애인 화장실,서초자이,서울특별시 서초구 서초동 1444-7,서초1동,2025-09-18
장애인 화장실,더샾서초,서울특별시 서초구 서초동 1445-14,서초1동,2025-09-18
장애인 화장실,서초동한신아파트,서울특별시 서초구 서초동 1454-29,서초3동,2025-09-18
장애인 화장실,서초지웰,서울특별시 서초구 서초동 1458-6,서초3동,2025-09-18
장애인 화장실,서초3차대림이-편한세상,서울특별시 서초구 서초동 1467-37,서초3동,2025-09-18
장애인 화장실,서초5차대림이-편한세상,서울특별시 서초구 서초동 1467-62,서초3동,2025-09-18
장애인 화장실,서초1차e-편한세상,서울특별시 서초구 서초동 1487-63,서초3동,2025-09-18
장애인 화장실,마제스타시티,서울특별시 서초구 서초동 1498-5,서초3동,2025-09-18
장애인 화장실,서초 현대홈타운,서울특별시 서초구 서초동 1506-88,서초3동,2025-09-18
장애인 화장실,서초한빛삼성아파트,서울특별시 서초구 서초동 1509-1,서초3동,2025-09-18
장애인 화장실,삼성 래미안 서초6차,서울특별시 서초구 서초동 1520-9,서초3동,2025-09-18
장애인 화장실,서울고등학교,서울특별시 서초구 서초동 1526-1,서초3동,2025-09-18
장애인 화장실,서초2차 이-편한세상,서울특별시 서초구 서초동 1529,서초3동,2025-09-18
장애인 화장실,서초아트자이,서울특별시 서초구 서초동 1583-10,서초3동,2025-09-18
장애인 화장실,서초극동스타클래스2,서울특별시 서초구 서초동 1615-10,서초1동,2025-09-18
장애인 화장실,서초극동스타클래스 I 아파트,서울특별시 서초구 서초동 1616-10,서초1동,2025-09-18
장애인 화장실,서초동 롯데캐슬 리버티,서울특별시 서초구 서초동 1620-20,서초1동,2025-09-18
장애인 화장실,서초삼성래미안,서울특별시 서초구 서초동 1641-1,서초1동,2025-09-18
장애인 화장실,서초롯데캐슬84,서울특별시 서초구 서초동 1642-14,서초1동,2025-09-18
장애인 화장실,서울교육대학교,서울특별시 서초구 서초동 1650,서초1동,2025-09-18
장애인 화장실,서초롯데캐슬프레지던트,서울특별시 서초구 서초동 1681-8,서초4동,2025-09-18
장애인 화장실,서초4차현대아파트,서울특별시 서초구 서초동 1684,서초4동,2025-09-18
장애인 화장실,서초 교대 e편한세상,서울특별시 서초구 서초동 1686-9,서초4동,2025-09-18
장애인 화장실,유원서초아파트,서울특별시 서초구 서초동 1687,서초4동,2025-09-18
장애인 화장실,서초프라임헤센아파트,서울특별시 서초구 서초동 1756,서초1동,2025-09-18
장애인 화장실,서초그랑자이,서울특별시 서초구 서초동 1757,서초2동,2025-09-18
장애인 화장실,서울언남초등학교,서울특별시 서초구 내곡동 395,내곡동,2025-09-18
장애인 화장실,서초더샵포레,서울특별시 서초구 내곡동 411,내곡동,2025-09-18
장애인 화장실,내곡동종합시설,서울특별시 서초구 염곡동 180-2,내곡동,2025-09-18
장애인 화장실,한국도로교통공단 서울특별시지부,서울특별시 서초구 염곡동 300-11,내곡동,2025-09-18
장애인 화장실,힐스테이트서초젠트리스,서울특별시 서초구 신원동 557,내곡동,2025-09-18
장애인 화장실,서초포레스타3단지,서울특별시 서초구 신원동 568,내곡동,2025-09-18
